aro_accession	gene_name	canonical_class	class_aro_accession	source
ARO:3004272	16S rRNA methyltransferase (A1408)	aminoglycoside antibiotic	ARO:0000016	aro_obo
ARO:3004271	16S rRNA methyltransferase (G1405)	aminoglycoside antibiotic	ARO:0000016	aro_obo
ARO:3003976	16S rRNA with mutation conferring resistance to pactamycin	pactamycin-like antibiotic	ARO:3007158	aro_obo
ARO:3003669	16S rRNA with mutation conferring resistance to tetracycline derivatives	tetracycline antibiotic	ARO:3000050	aro_obo
ARO:3003666	16s rRNA with mutation conferring resistance to aminoglycoside antibiotics	aminoglycoside antibiotic	ARO:0000016	aro_obo
ARO:3003667	16s rRNA with mutation conferring resistance to peptide antibiotics	peptide antibiotic	ARO:3000053	aro_obo
ARO:3003668	16s rRNA with mutation conferring resistance to polyamine antibiotics	polyamine antibiotic	ARO:3000527	aro_obo
ARO:3004187	23S rRNA with mutation conferring resistance to lincosamide antibiotics	lincosamide antibiotic	ARO:0000017	aro_obo
ARO:3004057	23S rRNA with mutation conferring resistance to linezolid antibiotics	glycopeptide antibiotic	ARO:3000081	aro_obo
ARO:3004057	23S rRNA with mutation conferring resistance to linezolid antibiotics	lincosamide antibiotic	ARO:0000017	aro_obo
ARO:3004057	23S rRNA with mutation conferring resistance to linezolid antibiotics	macrolide antibiotic	ARO:0000000	aro_obo
ARO:3004057	23S rRNA with mutation conferring resistance to linezolid antibiotics	oxazolidinone antibiotic	ARO:3000079	aro_obo
ARO:3004057	23S rRNA with mutation conferring resistance to linezolid antibiotics	phenicol antibiotic	ARO:3000387	aro_obo
ARO:3004057	23S rRNA with mutation conferring resistance to linezolid antibiotics	pleuromutilin antibiotic	ARO:3000670	aro_obo
ARO:3004057	23S rRNA with mutation conferring resistance to linezolid antibiotics	streptogramin antibiotic	ARO:0000026	aro_obo
ARO:3004125	23S rRNA with mutation conferring resistance to macrolide antibiotics	macrolide antibiotic	ARO:0000000	aro_obo
ARO:3004172	23S rRNA with mutation conferring resistance to oxazolidinone antibiotics	oxazolidinone antibiotic	ARO:3000079	aro_obo
ARO:3004188	23S rRNA with mutation conferring resistance to phenicol antibiotics	phenicol antibiotic	ARO:3000387	aro_obo
ARO:3004178	23S rRNA with mutation conferring resistance to pleuromutilin antibiotics	pleuromutilin antibiotic	ARO:3000670	aro_obo
ARO:3004182	23S rRNA with mutation conferring resistance to streptogramins antibiotics	streptogramin antibiotic	ARO:0000026	aro_obo
ARO:3004936	23s rRNA with mutation conferring resistance to aminoglycoside antibiotics	aminoglycoside antibiotic	ARO:0000016	aro_obo
ARO:3005001	50S rRNA with mutation conferring resistance to macrolide antibiotics	macrolide antibiotic	ARO:0000000	aro_obo
ARO:3000341	AAC(2')	aminoglycoside antibiotic	ARO:0000016	aro_obo
ARO:3000322	AAC(3)	aminoglycoside antibiotic	ARO:0000016	aro_obo
ARO:3000345	AAC(6')	aminoglycoside antibiotic	ARO:0000016	aro_obo
ARO:3005113	AAC(6')-Ib-cr	aminoglycoside antibiotic	ARO:0000016	aro_obo
ARO:3005113	AAC(6')-Ib-cr	fluoroquinolone antibiotic	ARO:0000001	aro_obo
ARO:3005387	AAK beta-lactamase	carbapenem	ARO:0000020	aro_obo
ARO:3000073	ACC beta-lactamase	cephalosporin	ARO:0000032	aro_obo
ARO:3000073	ACC beta-lactamase	monobactam	ARO:0000004	aro_obo
ARO:3000073	ACC beta-lactamase	penicillin antibiotic	ARO:3000008	aro_obo
ARO:3004358	ACI beta-lactamase	cephalosporin	ARO:0000032	aro_obo
ARO:3004358	ACI beta-lactamase	penicillin antibiotic	ARO:3000008	aro_obo
ARO:3000072	ACT beta-lactamase	carbapenem	ARO:0000020	aro_obo
ARO:3000072	ACT beta-lactamase	cephalosporin	ARO:0000032	aro_obo
ARO:3000072	ACT beta-lactamase	penicillin antibiotic	ARO:3000008	aro_obo
ARO:3004545	ADC beta-lactamase with carbapenemase activity	carbapenem	ARO:0000020	aro_obo
ARO:3003846	ADC beta-lactamase without carbapenemase activity	cephalosporin	ARO:0000032	aro_obo
ARO:3005460	ADC beta-lactamases pending classification for carbapenemase activity	cephalosporin	ARO:0000032	aro_obo
ARO:3000089	AER beta-lactamase	penicillin antibiotic	ARO:3000008	aro_obo
ARO:3005388	AFM beta-lactamase	carbapenem	ARO:0000020	aro_obo
ARO:3004216	AIM beta-lactamase	cephalosporin	ARO:0000032	aro_obo
ARO:3004216	AIM beta-lactamase	penicillin antibiotic	ARO:3000008	aro_obo
ARO:3005389	ALG11 beta-lactamase	carbapenem	ARO:0000020	aro_obo
ARO:3005390	ALG6 beta-lactamases	carbapenem	ARO:0000020	aro_obo
ARO:3005391	ALI beta-lactamase	carbapenem	ARO:0000020	aro_obo
ARO:3007693	AMZ beta-lactamase	cephalosporin	ARO:0000032	aro_obo
ARO:3007693	AMZ beta-lactamase	penicillin antibiotic	ARO:3000008	aro_obo
ARO:3005392	ANA beta-lactamase	carbapenem	ARO:0000020	aro_obo
ARO:3004276	ANT(2'')	aminoglycoside antibiotic	ARO:0000016	aro_obo
ARO:3004275	ANT(3'')	aminoglycoside antibiotic	ARO:0000016	aro_obo
ARO:3000229	ANT(4')	aminoglycoside antibiotic	ARO:0000016	aro_obo
ARO:3000225	ANT(6)	aminoglycoside antibiotic	ARO:0000016	aro_obo
ARO:3000228	ANT(9)	aminoglycoside antibiotic	ARO:0000016	aro_obo
ARO:3000128	APH(2'')	aminoglycoside antibiotic	ARO:0000016	aro_obo
ARO:3000127	APH(3'')	aminoglycoside antibiotic	ARO:0000016	aro_obo
ARO:3000126	APH(3')	aminoglycoside antibiotic	ARO:0000016	aro_obo
ARO:3000155	APH(4)	aminoglycoside antibiotic	ARO:0000016	aro_obo
ARO:3000151	APH(6)	aminoglycoside antibiotic	ARO:0000016	aro_obo
ARO:3000154	APH(7'')	aminoglycoside antibiotic	ARO:0000016	aro_obo
ARO:3000153	APH(9)	aminoglycoside antibiotic	ARO:0000016	aro_obo
ARO:3002992	AQU beta-lactamase	cephalosporin	ARO:0000032	aro_obo
ARO:3004742	ARL Beta-lactamase	penicillin antibiotic	ARO:3000008	aro_obo
ARO:3004741	AST Beta-lactamase	cephalosporin	ARO:0000032	aro_obo
ARO:3004741	AST Beta-lactamase	penicillin antibiotic	ARO:3000008	aro_obo
ARO:3007863	ASU1 beta-lactamase	cephalosporin	ARO:0000032	aro_obo
ARO:3005393	AXC beta-lactamase	carbapenem	ARO:0000020	aro_obo
ARO:3004574	Acinetobacter baumannii AbaQ	fluoroquinolone antibiotic	ARO:0000001	aro_obo
ARO:3004578	Acinetobacter baumannii AbuO	penicillin antibiotic	ARO:3000008	aro_obo
ARO:3003581	Acinetobacter mutant Lpx gene conferring resistance to colistin	peptide antibiotic	ARO:3000053	aro_obo
ARO:3000384	AcrAB-TolC	fluoroquinolone antibiotic	ARO:0000001	aro_obo
ARO:3004082	AcrAD-TolC	aminoglycoside antibiotic	ARO:0000016	aro_obo
ARO:3000503	AcrEF-TolC	cephalosporin	ARO:0000032	aro_obo
ARO:3000503	AcrEF-TolC	fluoroquinolone antibiotic	ARO:0000001	aro_obo
ARO:3000503	AcrEF-TolC	penicillin antibiotic	ARO:3000008	aro_obo
ARO:3000771	AdeFGH	fluoroquinolone antibiotic	ARO:0000001	aro_obo
ARO:3000772	AdeIJK	cephalosporin	ARO:0000032	aro_obo
ARO:3000772	AdeIJK	fluoroquinolone antibiotic	ARO:0000001	aro_obo
ARO:3000772	AdeIJK	lincosamide antibiotic	ARO:0000017	aro_obo
ARO:3000772	AdeIJK	macrolide antibiotic	ARO:0000000	aro_obo
ARO:3003830	Aminocoumarin resistant alaS	aminocoumarin antibiotic	ARO:3000103	aro_obo
ARO:3002981	AmrAB-OprM	aminoglycoside antibiotic	ARO:0000016	aro_obo
ARO:3007056	Antibiotic resistant Helicobacter pylori nitroreductase	nitroimidazole antibiotic	ARO:3004115	aro_obo
ARO:3003755	Antibiotic resistant nfsB	nitrofuran antibiotic	ARO:3004116	aro_obo
ARO:3003443	Antibiotic resistant tlyA	aminoglycoside antibiotic	ARO:0000016	aro_obo
ARO:3004141	AxyXY-OprZ	aminoglycoside antibiotic	ARO:0000016	aro_obo
ARO:3004141	AxyXY-OprZ	fluoroquinolone antibiotic	ARO:0000001	aro_obo
ARO:3007864	B3SU1 beta-lactamase	cephalosporin	ARO:0000032	aro_obo
ARO:3007865	B3SU2 beta-lactamase	cephalosporin	ARO:0000032	aro_obo
ARO:3004746	BAT Beta-lactamase	cephalosporin	ARO:0000032	aro_obo
ARO:3004748	BCL Beta-lactamase	penicillin antibiotic	ARO:3000008	aro_obo
ARO:3002384	BEL beta-lactamase	cephalosporin	ARO:0000032	aro_obo
ARO:3002384	BEL beta-lactamase	monobactam	ARO:0000004	aro_obo
ARO:3002384	BEL beta-lactamase	penicillin antibiotic	ARO:3000008	aro_obo
ARO:3004750	BES Beta-lactamase	penicillin antibiotic	ARO:3000008	aro_obo
ARO:3004752	BIC Beta-lactamase	carbapenem	ARO:0000020	aro_obo
ARO:3004754	BIL Beta-lactamase	cephalosporin	ARO:0000032	aro_obo
ARO:3007858	BIM beta-lactamase	carbapenem	ARO:0000020	aro_obo
ARO:3007858	BIM beta-lactamase	cephalosporin	ARO:0000032	aro_obo
ARO:3004219	BJP beta-lactamase	carbapenem	ARO:0000020	aro_obo
ARO:3004756	BKC Beta-lactamase	carbapenem	ARO:0000020	aro_obo
ARO:3007866	BMHC beta-lactamase	carbapenem	ARO:0000020	aro_obo
ARO:3007867	BOR beta-lactamase	penicillin antibiotic	ARO:3000008	aro_obo
ARO:3004758	BPU Beta-lactamase	penicillin antibiotic	ARO:3000008	aro_obo
ARO:3004760	BRO Beta-lactamase	penicillin antibiotic	ARO:3000008	aro_obo
ARO:3005394	BSU beta-lactamase	carbapenem	ARO:0000020	aro_obo
ARO:3004293	BUT beta-lactamase	cephalosporin	ARO:0000032	aro_obo
ARO:3004260	Bah amidohydrolase	peptide antibiotic	ARO:3000053	aro_obo
ARO:3004190	BlaA beta-lactamase	cephalosporin	ARO:0000032	aro_obo
ARO:3004190	BlaA beta-lactamase	penicillin antibiotic	ARO:3000008	aro_obo
ARO:3004201	BlaB beta-lactamase	carbapenem	ARO:0000020	aro_obo
ARO:3004201	BlaB beta-lactamase	penicillin antibiotic	ARO:3000008	aro_obo
ARO:3004197	BlaZ beta-lactamase	penicillin antibiotic	ARO:3000008	aro_obo
ARO:3004256	Bleomycin resistant protein	glycopeptide antibiotic	ARO:3000081	aro_obo
ARO:3007634	CAE beta-lactamase	cephalosporin	ARO:0000032	aro_obo
ARO:3007634	CAE beta-lactamase	penicillin antibiotic	ARO:3000008	aro_obo
ARO:3004558	CAM beta-lactamase	carbapenem	ARO:0000020	aro_obo
ARO:3004558	CAM beta-lactamase	cephalosporin	ARO:0000032	aro_obo
ARO:3004558	CAM beta-lactamase	penicillin antibiotic	ARO:3000008	aro_obo
ARO:3005395	CAR beta-lactamase	carbapenem	ARO:0000020	aro_obo
ARO:3000091	CARB beta-lactamase	penicillin antibiotic	ARO:3000008	aro_obo
ARO:3004218	CAU beta-lactamase	carbapenem	ARO:0000020	aro_obo
ARO:3004218	CAU beta-lactamase	penicillin antibiotic	ARO:3000008	aro_obo
ARO:3004763	CBP beta-lactamase	penicillin antibiotic	ARO:3000008	aro_obo
ARO:3007649	CDA beta-lactamase	carbapenem	ARO:0000020	aro_obo
ARO:3005396	CDD beta-lactamase	carbapenem	ARO:0000020	aro_obo
ARO:3004765	CGA beta-lactamase	penicillin antibiotic	ARO:3000008	aro_obo
ARO:3004203	CGB beta-lactamase	carbapenem	ARO:0000020	aro_obo
ARO:3004203	CGB beta-lactamase	cephalosporin	ARO:0000032	aro_obo
ARO:3004203	CGB beta-lactamase	penicillin antibiotic	ARO:3000008	aro_obo
ARO:3007856	CHM beta-lactamase	carbapenem	ARO:0000020	aro_obo
ARO:3007856	CHM beta-lactamase	cephalosporin	ARO:0000032	aro_obo
ARO:3004767	CIA beta-lactamase	carbapenem	ARO:0000020	aro_obo
ARO:3004767	CIA beta-lactamase	cephalosporin	ARO:0000032	aro_obo
ARO:3007839	CIM beta-lactamase	carbapenem	ARO:0000020	aro_obo
ARO:3007839	CIM beta-lactamase	cephalosporin	ARO:0000032	aro_obo
ARO:3004772	CKO beta-lactamase	penicillin antibiotic	ARO:3000008	aro_obo
ARO:3005397	CMA beta-lactamase	cephalosporin	ARO:0000032	aro_obo
ARO:3004774	CME beta-lactamase	penicillin antibiotic	ARO:3000008	aro_obo
ARO:3004776	CMH beta-lactamase	cephalosporin	ARO:0000032	aro_obo
ARO:3000069	CMY beta-lactamase	cephalosporin	ARO:3009106	aro_obo
ARO:3004221	CPS beta-lactamase	carbapenem	ARO:0000020	aro_obo
ARO:3005398	CRD3 beta-lactamase	carbapenem	ARO:0000020	aro_obo
ARO:3005399	CRH beta-lactamase	carbapenem	ARO:0000020	aro_obo
ARO:3005400	CRP beta-lactamase	carbapenem	ARO:0000020	aro_obo
ARO:3005401	CSA beta-lactamase	cephalosporin	ARO:0000032	aro_obo
ARO:3005402	CSP beta-lactamase	cephalosporin	ARO:0000032	aro_obo
ARO:3000016	CTX-M beta-lactamase	cephalosporin	ARO:0000032	aro_obo
ARO:3005403	CVI beta-lactamase	carbapenem	ARO:0000020	aro_obo
ARO:3004283	CarO porin	carbapenem	ARO:0000020	aro_obo
ARO:3002998	CblA beta-lactamase	cephalosporin	ARO:0000032	aro_obo
ARO:3003008	CeoAB-OpcM	aminoglycoside antibiotic	ARO:0000016	aro_obo
ARO:3003008	CeoAB-OpcM	fluoroquinolone antibiotic	ARO:0000001	aro_obo
ARO:3004192	CepA beta-lactamase	cephalosporin	ARO:0000032	aro_obo
ARO:3004199	CepS beta-lactamase	cephalosporin	ARO:0000032	aro_obo
ARO:3004200	CfiA beta-lactamase	carbapenem	ARO:0000020	aro_obo
ARO:3000202	Cfr 23S ribosomal RNA methyltransferase	lincosamide antibiotic	ARO:0000017	aro_obo
ARO:3000202	Cfr 23S ribosomal RNA methyltransferase	oxazolidinone antibiotic	ARO:3000079	aro_obo
ARO:3000202	Cfr 23S ribosomal RNA methyltransferase	phenicol antibiotic	ARO:3000387	aro_obo
ARO:3000202	Cfr 23S ribosomal RNA methyltransferase	streptogramin antibiotic	ARO:0000026	aro_obo
ARO:3003000	CfxA beta-lactamase	cephalosporin	ARO:3009106	aro_obo
ARO:3000773	CmeABC	fluoroquinolone antibiotic	ARO:0000001	aro_obo
ARO:3000581	CphA beta-lactamase	carbapenem	ARO:0000020	aro_obo
ARO:3005049	CrcB	aminoglycoside antibiotic	ARO:0000016	aro_obo
ARO:3004779	DES beta-lactamase	penicillin antibiotic	ARO:3000008	aro_obo
ARO:3000068	DHA beta-lactamase	cephalosporin	ARO:0000032	aro_obo
ARO:3005404	DHT2 beta-lactamase	carbapenem	ARO:0000020	aro_obo
ARO:3004208	DIM beta-lactamase	carbapenem	ARO:0000020	aro_obo
ARO:3004208	DIM beta-lactamase	cephalosporin	ARO:0000032	aro_obo
ARO:3007860	DYB beta-lactamase	carbapenem	ARO:0000020	aro_obo
ARO:3007860	DYB beta-lactamase	cephalosporin	ARO:0000032	aro_obo
ARO:3004244	DnaA chromosomal replication initiation protein	rifamycin antibiotic	ARO:3000157	aro_obo
ARO:3005405	EAM beta-lactamase	carbapenem	ARO:0000020	aro_obo
ARO:3004204	EBR beta-lactamase	carbapenem	ARO:0000020	aro_obo
ARO:3004204	EBR beta-lactamase	cephalosporin	ARO:0000032	aro_obo
ARO:3004204	EBR beta-lactamase	penicillin antibiotic	ARO:3000008	aro_obo
ARO:3005406	EC beta-lactamase	cephalosporin	ARO:0000032	aro_obo
ARO:3007426	ECF transporter S component	sulfonamide antibiotic	ARO:3000282	aro_obo
ARO:3005407	ECM beta-lactamase	carbapenem	ARO:0000020	aro_obo
ARO:3005408	ECV beta-lactamase	carbapenem	ARO:0000020	aro_obo
ARO:3005409	EFM beta-lactamase	carbapenem	ARO:0000020	aro_obo
ARO:3005410	ELM beta-lactamase	carbapenem	ARO:0000020	aro_obo
ARO:3004781	ERP beta-lactamase	penicillin antibiotic	ARO:3000008	aro_obo
ARO:3004222	ESP beta-lactamase	carbapenem	ARO:0000020	aro_obo
ARO:3005411	EVM beta-lactamase	carbapenem	ARO:0000020	aro_obo
ARO:3004234	EXO beta-lactamase	penicillin antibiotic	ARO:3000008	aro_obo
ARO:3004064	Edeine acetyltransferase	polyamine antibiotic	ARO:3000527	aro_obo
ARO:3000560	Erm 23S ribosomal RNA methyltransferase	lincosamide antibiotic	ARO:0000017	aro_obo
ARO:3000560	Erm 23S ribosomal RNA methyltransferase	macrolide antibiotic	ARO:0000000	aro_obo
ARO:3000560	Erm 23S ribosomal RNA methyltransferase	streptogramin antibiotic	ARO:0000026	aro_obo
ARO:3004136	Ethambutol resistant iniB	polyamine antibiotic	ARO:3000527	aro_obo
ARO:3003450	Ethambutol resistant iniC	polyamine antibiotic	ARO:3000527	aro_obo
ARO:3004954	Ethionamide resistant Rv0565c	thioamide antibiotic	ARO:3007156	aro_obo
ARO:3004783	FAR beta-lactamase	penicillin antibiotic	ARO:3000008	aro_obo
ARO:3004211	FEZ beta-lactamase	carbapenem	ARO:0000020	aro_obo
ARO:3004211	FEZ beta-lactamase	cephalosporin	ARO:0000032	aro_obo
ARO:3004211	FEZ beta-lactamase	penicillin antibiotic	ARO:3000008	aro_obo
ARO:3005412	FIA beta-lactamase	carbapenem	ARO:0000020	aro_obo
ARO:3004785	FIM beta-lactamase	carbapenem	ARO:0000020	aro_obo
ARO:3004785	FIM beta-lactamase	cephalosporin	ARO:0000032	aro_obo
ARO:3004787	FONA beta-lactamase	penicillin antibiotic	ARO:3000008	aro_obo
ARO:3000067	FOX beta-lactamase	cephalosporin	ARO:0000032	aro_obo
ARO:3004794	FPH beta-lactamase	penicillin antibiotic	ARO:3000008	aro_obo
ARO:3004796	FRI beta-lactamase	penicillin antibiotic	ARO:3000008	aro_obo
ARO:3004800	FTU beta-lactamase	penicillin antibiotic	ARO:3000008	aro_obo
ARO:3004246	Fom phosphotransferase family	phosphonic acid antibiotic	ARO:3007149	aro_obo
ARO:3000066	GES beta-lactamase	carbapenem	ARO:0000020	aro_obo
ARO:3000066	GES beta-lactamase	cephalosporin	ARO:0000032	aro_obo
ARO:3000066	GES beta-lactamase	penicillin antibiotic	ARO:3000008	aro_obo
ARO:3005413	GIL beta-lactamase	carbapenem	ARO:0000020	aro_obo
ARO:3005413	GIL beta-lactamase	cephalosporin	ARO:0000032	aro_obo
ARO:3003195	GIM beta-lactamase	carbapenem	ARO:0000020	aro_obo
ARO:3003195	GIM beta-lactamase	cephalosporin	ARO:0000032	aro_obo
ARO:3003195	GIM beta-lactamase	monobactam	ARO:0000004	aro_obo
ARO:3003195	GIM beta-lactamase	penicillin antibiotic	ARO:3000008	aro_obo
ARO:3007868	GMA beta-lactamase	penicillin antibiotic	ARO:3000008	aro_obo
ARO:3005414	GMB beta-lactamase	carbapenem	ARO:0000020	aro_obo
ARO:3004212	GOB beta-lactamase	carbapenem	ARO:0000020	aro_obo
ARO:3004212	GOB beta-lactamase	cephalosporin	ARO:0000032	aro_obo
ARO:3004212	GOB beta-lactamase	penicillin antibiotic	ARO:3000008	aro_obo
ARO:3005095	GPC beta-lactamase	carbapenem	ARO:0000020	aro_obo
ARO:3005415	GRD23 beta-lactamase	carbapenem	ARO:0000020	aro_obo
ARO:3005416	GRD33 beta-lactamase	carbapenem	ARO:0000020	aro_obo
ARO:3004281	General Bacterial Porin with reduced permeability to beta-lactams	carbapenem	ARO:0000020	aro_obo
ARO:3004281	General Bacterial Porin with reduced permeability to beta-lactams	cephalosporin	ARO:0000032	aro_obo
ARO:3004281	General Bacterial Porin with reduced permeability to beta-lactams	monobactam	ARO:0000004	aro_obo
ARO:3004281	General Bacterial Porin with reduced permeability to beta-lactams	penicillin antibiotic	ARO:3000008	aro_obo
ARO:3004282	General Bacterial Porin with reduced permeability to peptide antibiotics	peptide antibiotic	ARO:3000053	aro_obo
ARO:3007869	HBL beta-lactamase	penicillin antibiotic	ARO:3000008	aro_obo
ARO:3007870	HER beta-lactamase	penicillin antibiotic	ARO:3000008	aro_obo
ARO:3004209	HMB beta-lactamase	carbapenem	ARO:0000020	aro_obo
ARO:3005011	IDC beta-lactamase	carbapenem	ARO:0000020	aro_obo
ARO:3005011	IDC beta-lactamase	cephalosporin	ARO:0000032	aro_obo
ARO:3000018	IMI beta-lactamase	carbapenem	ARO:0000020	aro_obo
ARO:3000020	IMP beta-lactamase	carbapenem	ARO:0000020	aro_obo
ARO:3000020	IMP beta-lactamase	cephalosporin	ARO:0000032	aro_obo
ARO:3000020	IMP beta-lactamase	penicillin antibiotic	ARO:3000008	aro_obo
ARO:3000060	IND beta-lactamase	carbapenem	ARO:0000020	aro_obo
ARO:3005050	Intrinsic peptide antibiotic resistant Lps	peptide antibiotic	ARO:3000053	aro_obo
ARO:3004894	Isoniazid resistant ahpC	isonicotinic acid hydrazide	ARO:3007152	aro_obo
ARO:3004202	JOHN beta-lactamase	carbapenem	ARO:0000020	aro_obo
ARO:3004202	JOHN beta-lactamase	cephalosporin	ARO:0000032	aro_obo
ARO:3004202	JOHN beta-lactamase	penicillin antibiotic	ARO:3000008	aro_obo
ARO:3007205	KBL beta-lactamase	penicillin antibiotic	ARO:3000008	aro_obo
ARO:3004207	KHM beta-lactamase	carbapenem	ARO:0000020	aro_obo
ARO:3004207	KHM beta-lactamase	cephalosporin	ARO:0000032	aro_obo
ARO:3004207	KHM beta-lactamase	penicillin antibiotic	ARO:3000008	aro_obo
ARO:3005417	KLUC beta-lactamase	cephalosporin	ARO:0000032	aro_obo
ARO:3000059	KPC beta-lactamase	carbapenem	ARO:0000020	aro_obo
ARO:3000059	KPC beta-lactamase	cephalosporin	ARO:0000032	aro_obo
ARO:3000059	KPC beta-lactamase	monobactam	ARO:0000004	aro_obo
ARO:3000059	KPC beta-lactamase	penicillin antibiotic	ARO:3000008	aro_obo
ARO:3004966	Kanamycin resistant whib7	aminoglycoside antibiotic	ARO:0000016	aro_obo
ARO:3004580	Klebsiella pneumoniae KpnE	cephalosporin	ARO:0000032	aro_obo
ARO:3004583	Klebsiella pneumoniae KpnF	cephalosporin	ARO:0000032	aro_obo
ARO:3004588	Klebsiella pneumoniae KpnG	cephalosporin	ARO:0000032	aro_obo
ARO:3004598	Klebsiella pneumoniae KpnGH-TolC	aminoglycoside antibiotic	ARO:0000016	aro_obo
ARO:3004597	Klebsiella pneumoniae KpnH	cephalosporin	ARO:0000032	aro_obo
ARO:3004215	L1 family beta-lactamase	cephalosporin	ARO:0000032	aro_obo
ARO:3004824	LAP beta-lactamase	cephalosporin	ARO:0000032	aro_obo
ARO:3004824	LAP beta-lactamase	penicillin antibiotic	ARO:3000008	aro_obo
ARO:3007441	LAQ beta lactamase	penicillin antibiotic	ARO:3000008	aro_obo
ARO:3002996	LCR beta-lactamase	cephalosporin	ARO:0000032	aro_obo
ARO:3002996	LCR beta-lactamase	penicillin antibiotic	ARO:3000008	aro_obo
ARO:3000097	LEN beta-lactamase	penicillin antibiotic	ARO:3000008	aro_obo
ARO:3005418	LHK beta-lactamase	carbapenem	ARO:0000020	aro_obo
ARO:3005418	LHK beta-lactamase	cephalosporin	ARO:0000032	aro_obo
ARO:3005017	LMB beta-lactamase	carbapenem	ARO:0000020	aro_obo
ARO:3005017	LMB beta-lactamase	cephalosporin	ARO:0000032	aro_obo
ARO:3005017	LMB beta-lactamase	penicillin antibiotic	ARO:3000008	aro_obo
ARO:3005419	LRG beta-lactamase	cephalosporin	ARO:0000032	aro_obo
ARO:3005420	LUS beta-lactamase	carbapenem	ARO:0000020	aro_obo
ARO:3005420	LUS beta-lactamase	cephalosporin	ARO:0000032	aro_obo
ARO:3005421	LUT beta-lactamase	cephalosporin	ARO:0000032	aro_obo
ARO:3004273	Llm 23S ribosomal RNA methyltransferase	lincosamide antibiotic	ARO:0000017	aro_obo
ARO:3004098	LpeAB	macrolide antibiotic	ARO:0000000	aro_obo
ARO:3005059	LptD	aminocoumarin antibiotic	ARO:3000103	aro_obo
ARO:3005059	LptD	peptide antibiotic	ARO:3000053	aro_obo
ARO:3005059	LptD	rifamycin antibiotic	ARO:3000157	aro_obo
ARO:3005422	MAL beta-lactamase	carbapenem	ARO:0000020	aro_obo
ARO:3005423	MBL beta-lactamase	carbapenem	ARO:0000020	aro_obo
ARO:3004268	MCR phosphoethanolamine transferase	peptide antibiotic	ARO:3000053	aro_obo
ARO:3000058	MIR beta-lactamase	cephalosporin	ARO:0000032	aro_obo
ARO:3000058	MIR beta-lactamase	monobactam	ARO:0000004	aro_obo
ARO:3005424	MOC beta-lactamase	carbapenem	ARO:0000020	aro_obo
ARO:3005425	MOR beta-lactamase	cephalosporin	ARO:0000032	aro_obo
ARO:3000083	MOX beta-lactamase	cephalosporin	ARO:0000032	aro_obo
ARO:3000083	MOX beta-lactamase	penicillin antibiotic	ARO:3000008	aro_obo
ARO:3004223	MSI beta-lactamase	carbapenem	ARO:0000020	aro_obo
ARO:3004242	MSI-OXA family beta-lactamase	carbapenem	ARO:0000020	aro_obo
ARO:3007871	MUN beta-lactamase	cephalosporin	ARO:0000032	aro_obo
ARO:3004067	MUS beta-lactamase	carbapenem	ARO:0000020	aro_obo
ARO:3005426	MYO beta-lactamase	carbapenem	ARO:0000020	aro_obo
ARO:3005427	MYX beta-lactamase	carbapenem	ARO:0000020	aro_obo
ARO:3000786	MdsABC	carbapenem	ARO:0000020	aro_obo
ARO:3000786	MdsABC	cephalosporin	ARO:0000032	aro_obo
ARO:3000786	MdsABC	monobactam	ARO:0000004	aro_obo
ARO:3000786	MdsABC	penicillin antibiotic	ARO:3000008	aro_obo
ARO:3001327	MdtK	fluoroquinolone antibiotic	ARO:0000001	aro_obo
ARO:3000386	MexAB-OprM	cephalosporin	ARO:0000032	aro_obo
ARO:3000386	MexAB-OprM	fluoroquinolone antibiotic	ARO:0000001	aro_obo
ARO:3000386	MexAB-OprM	macrolide antibiotic	ARO:0000000	aro_obo
ARO:3000386	MexAB-OprM	penicillin antibiotic	ARO:3000008	aro_obo
ARO:3000386	MexAB-OprM	sulfonamide antibiotic	ARO:3000282	aro_obo
ARO:3000797	MexCD-OprJ	cephalosporin	ARO:0000032	aro_obo
ARO:3000797	MexCD-OprJ	fluoroquinolone antibiotic	ARO:0000001	aro_obo
ARO:3000797	MexCD-OprJ	macrolide antibiotic	ARO:0000000	aro_obo
ARO:3000797	MexCD-OprJ	penicillin antibiotic	ARO:3000008	aro_obo
ARO:3000798	MexEF-OprN	fluoroquinolone antibiotic	ARO:0000001	aro_obo
ARO:3003029	MexVW-OprM	fluoroquinolone antibiotic	ARO:0000001	aro_obo
ARO:3003038	MexXY-OprA	aminoglycoside antibiotic	ARO:0000016	aro_obo
ARO:3003032	MexXY-OprM	aminoglycoside antibiotic	ARO:0000016	aro_obo
ARO:3003032	MexXY-OprM	cephalosporin	ARO:0000032	aro_obo
ARO:3003032	MexXY-OprM	fluoroquinolone antibiotic	ARO:0000001	aro_obo
ARO:3003032	MexXY-OprM	macrolide antibiotic	ARO:0000000	aro_obo
ARO:3003032	MexXY-OprM	penicillin antibiotic	ARO:3000008	aro_obo
ARO:3004280	MipA-interacting Protein	aminoglycoside antibiotic	ARO:0000016	aro_obo
ARO:3004280	MipA-interacting Protein	fluoroquinolone antibiotic	ARO:0000001	aro_obo
ARO:3000057	NDM beta-lactamase	carbapenem	ARO:0000020	aro_obo
ARO:3000057	NDM beta-lactamase	cephalosporin	ARO:0000032	aro_obo
ARO:3000057	NDM beta-lactamase	penicillin antibiotic	ARO:3000008	aro_obo
ARO:3004240	NPS beta-lactamase	cephalosporin	ARO:0000032	aro_obo
ARO:3004240	NPS beta-lactamase	penicillin antibiotic	ARO:3000008	aro_obo
ARO:3007847	NWM beta-lactamase	carbapenem	ARO:0000020	aro_obo
ARO:3000094	OCH beta-lactamase	cephalosporin	ARO:0000032	aro_obo
ARO:3000094	OCH beta-lactamase	monobactam	ARO:0000004	aro_obo
ARO:3000094	OCH beta-lactamase	penicillin antibiotic	ARO:3000008	aro_obo
ARO:3005428	OHIO beta-lactamase	cephalosporin	ARO:0000032	aro_obo
ARO:3002417	OKP beta-lactamase	cephalosporin	ARO:0000032	aro_obo
ARO:3002417	OKP beta-lactamase	penicillin antibiotic	ARO:3000008	aro_obo
ARO:3005429	ORN beta-lactamase	carbapenem	ARO:0000020	aro_obo
ARO:3005429	ORN beta-lactamase	cephalosporin	ARO:0000032	aro_obo
ARO:3005430	ORR beta-lactamase	carbapenem	ARO:0000020	aro_obo
ARO:3007696	OXA-1-like beta-lactamase	cephalosporin	ARO:0000032	aro_obo
ARO:3007696	OXA-1-like beta-lactamase	penicillin antibiotic	ARO:3000008	aro_obo
ARO:3007697	OXA-10-like beta-lactamase	cephalosporin	ARO:0000032	aro_obo
ARO:3007697	OXA-10-like beta-lactamase	penicillin antibiotic	ARO:3000008	aro_obo
ARO:3007698	OXA-114-like beta-lactamase	penicillin antibiotic	ARO:3000008	aro_obo
ARO:3007699	OXA-12-like beta-lactamase	penicillin antibiotic	ARO:3000008	aro_obo
ARO:3007700	OXA-134-like beta-lactamase	carbapenem	ARO:0000020	aro_obo
ARO:3007700	OXA-134-like beta-lactamase	penicillin antibiotic	ARO:3000008	aro_obo
ARO:3007701	OXA-143-like beta-lactamase	carbapenem	ARO:0000020	aro_obo
ARO:3007701	OXA-143-like beta-lactamase	penicillin antibiotic	ARO:3000008	aro_obo
ARO:3007702	OXA-184-like beta-lactamase	penicillin antibiotic	ARO:3000008	aro_obo
ARO:3007703	OXA-198-like beta-lactamase	carbapenem	ARO:0000020	aro_obo
ARO:3007703	OXA-198-like beta-lactamase	penicillin antibiotic	ARO:3000008	aro_obo
ARO:3007704	OXA-2-like beta-lactamase	cephalosporin	ARO:0000032	aro_obo
ARO:3007704	OXA-2-like beta-lactamase	penicillin antibiotic	ARO:3000008	aro_obo
ARO:3007705	OXA-211-like beta-lactamase	carbapenem	ARO:0000020	aro_obo
ARO:3007705	OXA-211-like beta-lactamase	penicillin antibiotic	ARO:3000008	aro_obo
ARO:3007706	OXA-213-like beta-lactamase	carbapenem	ARO:0000020	aro_obo
ARO:3007706	OXA-213-like beta-lactamase	penicillin antibiotic	ARO:3000008	aro_obo
ARO:3007707	OXA-214-like beta-lactamase	carbapenem	ARO:0000020	aro_obo
ARO:3007707	OXA-214-like beta-lactamase	penicillin antibiotic	ARO:3000008	aro_obo
ARO:3007708	OXA-22-like beta-lactamase	cephalosporin	ARO:0000032	aro_obo
ARO:3007708	OXA-22-like beta-lactamase	penicillin antibiotic	ARO:3000008	aro_obo
ARO:3007709	OXA-229-like beta-lactamase	carbapenem	ARO:0000020	aro_obo
ARO:3007709	OXA-229-like beta-lactamase	penicillin antibiotic	ARO:3000008	aro_obo
ARO:3007710	OXA-23-like beta-lactamase	carbapenem	ARO:0000020	aro_obo
ARO:3007710	OXA-23-like beta-lactamase	penicillin antibiotic	ARO:3000008	aro_obo
ARO:3007711	OXA-24-like beta-lactamase	carbapenem	ARO:0000020	aro_obo
ARO:3007711	OXA-24-like beta-lactamase	penicillin antibiotic	ARO:3000008	aro_obo
ARO:3007712	OXA-266-like beta-lactamase	penicillin antibiotic	ARO:3000008	aro_obo
ARO:3007713	OXA-274-like beta-lactamase	carbapenem	ARO:0000020	aro_obo
ARO:3007713	OXA-274-like beta-lactamase	penicillin antibiotic	ARO:3000008	aro_obo
ARO:3007714	OXA-286-like beta-lactamase	carbapenem	ARO:0000020	aro_obo
ARO:3007714	OXA-286-like beta-lactamase	penicillin antibiotic	ARO:3000008	aro_obo
ARO:3007715	OXA-294-like beta-lactamase	penicillin antibiotic	ARO:3000008	aro_obo
ARO:3007716	OXA-364-like beta-lactamase	penicillin antibiotic	ARO:3000008	aro_obo
ARO:3007717	OXA-372-like beta-lactamase	carbapenem	ARO:0000020	aro_obo
ARO:3007717	OXA-372-like beta-lactamase	penicillin antibiotic	ARO:3000008	aro_obo
ARO:3007718	OXA-42-like beta-lactamase	penicillin antibiotic	ARO:3000008	aro_obo
ARO:3007719	OXA-427-like beta-lactamase	carbapenem	ARO:0000020	aro_obo
ARO:3007719	OXA-427-like beta-lactamase	penicillin antibiotic	ARO:3000008	aro_obo
ARO:3007720	OXA-46-like beta-lactamase	penicillin antibiotic	ARO:3000008	aro_obo
ARO:3007721	OXA-48-like beta-lactamase	carbapenem	ARO:0000020	aro_obo
ARO:3007721	OXA-48-like beta-lactamase	penicillin antibiotic	ARO:3000008	aro_obo
ARO:3007722	OXA-493-like beta-lactamase	penicillin antibiotic	ARO:3000008	aro_obo
ARO:3007723	OXA-5-like beta-lactamase	penicillin antibiotic	ARO:3000008	aro_obo
ARO:3007724	OXA-50-like beta-lactamase	penicillin antibiotic	ARO:3000008	aro_obo
ARO:3007725	OXA-51-like beta-lactamase	carbapenem	ARO:0000020	aro_obo
ARO:3007725	OXA-51-like beta-lactamase	penicillin antibiotic	ARO:3000008	aro_obo
ARO:3007726	OXA-548-like beta-lactamase	penicillin antibiotic	ARO:3000008	aro_obo
ARO:3007727	OXA-55-like beta-lactamase	carbapenem	ARO:0000020	aro_obo
ARO:3007727	OXA-55-like beta-lactamase	penicillin antibiotic	ARO:3000008	aro_obo
ARO:3007728	OXA-58-like beta-lactamase	carbapenem	ARO:0000020	aro_obo
ARO:3007728	OXA-58-like beta-lactamase	penicillin antibiotic	ARO:3000008	aro_obo
ARO:3007729	OXA-60-like beta-lactamase	carbapenem	ARO:0000020	aro_obo
ARO:3007729	OXA-60-like beta-lactamase	penicillin antibiotic	ARO:3000008	aro_obo
ARO:3007730	OXA-61-like beta-lactamase	penicillin antibiotic	ARO:3000008	aro_obo
ARO:3007731	OXA-62-like beta-lactamase	carbapenem	ARO:0000020	aro_obo
ARO:3007731	OXA-62-like beta-lactamase	penicillin antibiotic	ARO:3000008	aro_obo
ARO:3007732	OXA-63-like beta-lactamase	penicillin antibiotic	ARO:3000008	aro_obo
ARO:3007733	OXA-679-like beta-lactamase	carbapenem	ARO:0000020	aro_obo
ARO:3007733	OXA-679-like beta-lactamase	penicillin antibiotic	ARO:3000008	aro_obo
ARO:3007734	OXA-727-like beta-lactamase	penicillin antibiotic	ARO:3000008	aro_obo
ARO:3007735	OXA-9-like beta-lactamase	penicillin antibiotic	ARO:3000008	aro_obo
ARO:3002388	OXY beta-lactamase	cephalosporin	ARO:0000032	aro_obo
ARO:3002388	OXY beta-lactamase	monobactam	ARO:0000004	aro_obo
ARO:3002388	OXY beta-lactamase	penicillin antibiotic	ARO:3000008	aro_obo
ARO:3004278	Outer Membrane Porin (Opr)	carbapenem	ARO:0000020	aro_obo
ARO:3004278	Outer Membrane Porin (Opr)	cephalosporin	ARO:0000032	aro_obo
ARO:3004278	Outer Membrane Porin (Opr)	monobactam	ARO:0000004	aro_obo
ARO:3004278	Outer Membrane Porin (Opr)	penicillin antibiotic	ARO:3000008	aro_obo
ARO:3005149	PAC beta-lactamase	cephalosporin	ARO:0000032	aro_obo
ARO:3007872	PAD beta-lactamase	carbapenem	ARO:0000020	aro_obo
ARO:3007198	PAM beta-lactamase	carbapenem	ARO:0000020	aro_obo
ARO:3007198	PAM beta-lactamase	cephalosporin	ARO:0000032	aro_obo
ARO:3005431	PAU beta-lactamase	carbapenem	ARO:0000020	aro_obo
ARO:3005431	PAU beta-lactamase	cephalosporin	ARO:0000032	aro_obo
ARO:3000098	PDC beta-lactamase	carbapenem	ARO:0000020	aro_obo
ARO:3000098	PDC beta-lactamase	cephalosporin	ARO:0000032	aro_obo
ARO:3000098	PDC beta-lactamase	monobactam	ARO:0000004	aro_obo
ARO:3007873	PEN-A beta-lactamase	penicillin antibiotic	ARO:3000008	aro_obo
ARO:3007874	PEN-B beta-lactamase	penicillin antibiotic	ARO:3000008	aro_obo
ARO:3000056	PER beta-lactamase	carbapenem	ARO:0000020	aro_obo
ARO:3000056	PER beta-lactamase	cephalosporin	ARO:0000032	aro_obo
ARO:3000056	PER beta-lactamase	monobactam	ARO:0000004	aro_obo
ARO:3000056	PER beta-lactamase	penicillin antibiotic	ARO:3000008	aro_obo
ARO:3005432	PFM beta-lactamase	carbapenem	ARO:0000020	aro_obo
ARO:3007373	PJM beta-lactamase	carbapenem	ARO:0000020	aro_obo
ARO:3007373	PJM beta-lactamase	cephalosporin	ARO:0000032	aro_obo
ARO:3007373	PJM beta-lactamase	penicillin antibiotic	ARO:3000008	aro_obo
ARO:3005433	PLA beta-lactamase	carbapenem	ARO:0000020	aro_obo
ARO:3005433	PLA beta-lactamase	cephalosporin	ARO:0000032	aro_obo
ARO:3005434	PLN beta-lactamase	carbapenem	ARO:0000020	aro_obo
ARO:3005435	PME beta-lactamase	carbapenem	ARO:0000020	aro_obo
ARO:3007875	PNC beta-lactamase	cephalosporin	ARO:0000032	aro_obo
ARO:3004570	PNGM beta-lactamase	carbapenem	ARO:0000020	aro_obo
ARO:3004570	PNGM beta-lactamase	cephalosporin	ARO:0000032	aro_obo
ARO:3004570	PNGM beta-lactamase	penicillin antibiotic	ARO:3000008	aro_obo
ARO:3005436	POM beta-lactamase	carbapenem	ARO:0000020	aro_obo
ARO:3007084	PRC beta-lactamase	cephalosporin	ARO:0000032	aro_obo
ARO:3007084	PRC beta-lactamase	penicillin antibiotic	ARO:3000008	aro_obo
ARO:3005437	PST beta-lactamase	carbapenem	ARO:0000020	aro_obo
ARO:3005438	PSV beta-lactamase	carbapenem	ARO:0000020	aro_obo
ARO:3005438	PSV beta-lactamase	cephalosporin	ARO:0000032	aro_obo
ARO:3007647	PSZ beta-lactamase	cephalosporin	ARO:0000032	aro_obo
ARO:3007647	PSZ beta-lactamase	penicillin antibiotic	ARO:3000008	aro_obo
ARO:3003938	Penicillin-binding protein mutations conferring resistance to beta-lactam antibiotics	cephalosporin	ARO:0000032	aro_obo
ARO:3003938	Penicillin-binding protein mutations conferring resistance to beta-lactam antibiotics	penicillin antibiotic	ARO:3000008	aro_obo
ARO:3004077	PmpM	fluoroquinolone antibiotic	ARO:0000001	aro_obo
ARO:3003418	Pyrazinamide resistant pncA	pyrazine antibiotic	ARO:3007155	aro_obo
ARO:3004378	QepA3	fluoroquinolone antibiotic	ARO:0000001	aro_obo
ARO:3004379	QepA4	fluoroquinolone antibiotic	ARO:0000001	aro_obo
ARO:3004198	R39 beta-lactamase	penicillin antibiotic	ARO:3000008	aro_obo
ARO:3007876	RAA beta-lactamase	cephalosporin	ARO:0000032	aro_obo
ARO:3007482	RAD beta-lactamase	carbapenem	ARO:0000020	aro_obo
ARO:3007482	RAD beta-lactamase	cephalosporin	ARO:0000032	aro_obo
ARO:3005439	RAHN beta-lactamase	cephalosporin	ARO:0000032	aro_obo
ARO:3007877	RASA beta-lactamase	cephalosporin	ARO:0000032	aro_obo
ARO:3007800	RATA beta-lactamase	carbapenem	ARO:0000020	aro_obo
ARO:3004235	RCP beta-lactamase	penicillin antibiotic	ARO:3000008	aro_obo
ARO:3002994	ROB beta-lactamase	cephalosporin	ARO:0000032	aro_obo
ARO:3002994	ROB beta-lactamase	penicillin antibiotic	ARO:3000008	aro_obo
ARO:3004443	RSA beta-lactamase	carbapenem	ARO:0000020	aro_obo
ARO:3004443	RSA beta-lactamase	cephalosporin	ARO:0000032	aro_obo
ARO:3005440	RSA2 beta-lactamase	carbapenem	ARO:0000020	aro_obo
ARO:3007878	RSC1 beta-lactamase	cephalosporin	ARO:0000032	aro_obo
ARO:3007879	RSD1	penicillin antibiotic	ARO:3000008	aro_obo
ARO:3005441	RSD2 beta-lactamase	carbapenem	ARO:0000020	aro_obo
ARO:3005441	RSD2 beta-lactamase	cephalosporin	ARO:0000032	aro_obo
ARO:3005442	RUB beta-lactamase	cephalosporin	ARO:0000032	aro_obo
ARO:3005092	RanARanB	aminoglycoside antibiotic	ARO:0000016	aro_obo
ARO:3004243	RbpA bacterial RNA polymerase-binding protein	rifamycin antibiotic	ARO:3000157	aro_obo
ARO:3005082	Ribosomal protein mutation conferring resistance to pleuromutilin antibiotics	pleuromutilin antibiotic	ARO:3000670	aro_obo
ARO:3004225	Rm3 family beta-lactamase	carbapenem	ARO:0000020	aro_obo
ARO:3004225	Rm3 family beta-lactamase	cephalosporin	ARO:0000032	aro_obo
ARO:3004225	Rm3 family beta-lactamase	penicillin antibiotic	ARO:3000008	aro_obo
ARO:3004855	SCO beta-lactamase	penicillin antibiotic	ARO:3000008	aro_obo
ARO:3007880	SED beta-lactamase	penicillin antibiotic	ARO:3000008	aro_obo
ARO:3005443	SFC beta-lactamase	carbapenem	ARO:0000020	aro_obo
ARO:3007881	SFDC beta-lactamase	cephalosporin	ARO:0000032	aro_obo
ARO:3004210	SFH beta-lactamase	carbapenem	ARO:0000020	aro_obo
ARO:3005444	SFO beta-lactamase	carbapenem	ARO:0000020	aro_obo
ARO:3005445	SGM beta-lactamase	carbapenem	ARO:0000020	aro_obo
ARO:3007016	SHD beta-lactamase	carbapenem	ARO:0000020	aro_obo
ARO:3007016	SHD beta-lactamase	cephalosporin	ARO:0000032	aro_obo
ARO:3005446	SHN beta-lactamase	carbapenem	ARO:0000020	aro_obo
ARO:3000015	SHV beta-lactamase	cephalosporin	ARO:0000032	aro_obo
ARO:3000015	SHV beta-lactamase	penicillin antibiotic	ARO:3000008	aro_obo
ARO:3003555	SHW beta-lactamase	cephalosporin	ARO:0000032	aro_obo
ARO:3003555	SHW beta-lactamase	penicillin antibiotic	ARO:3000008	aro_obo
ARO:3007845	SIE beta-lactamase	carbapenem	ARO:0000020	aro_obo
ARO:3007845	SIE beta-lactamase	cephalosporin	ARO:0000032	aro_obo
ARO:3004206	SIM beta-lactamase	carbapenem	ARO:0000020	aro_obo
ARO:3004206	SIM beta-lactamase	cephalosporin	ARO:0000032	aro_obo
ARO:3004206	SIM beta-lactamase	penicillin antibiotic	ARO:3000008	aro_obo
ARO:3004217	SMB beta-lactamase	carbapenem	ARO:0000020	aro_obo
ARO:3004217	SMB beta-lactamase	cephalosporin	ARO:0000032	aro_obo
ARO:3004217	SMB beta-lactamase	penicillin antibiotic	ARO:3000008	aro_obo
ARO:3000055	SME beta-lactamase	carbapenem	ARO:0000020	aro_obo
ARO:3004224	SPG beta-lactamase	carbapenem	ARO:0000020	aro_obo
ARO:3000580	SPM beta-lactamase	carbapenem	ARO:0000020	aro_obo
ARO:3005447	SPN79 beta-lactamase	carbapenem	ARO:0000020	aro_obo
ARO:3005448	SPR beta-lactamase	carbapenem	ARO:0000020	aro_obo
ARO:3005449	SPS beta-lactamase	carbapenem	ARO:0000020	aro_obo
ARO:3005450	SPU beta-lactamase	carbapenem	ARO:0000020	aro_obo
ARO:3000095	SRT beta-lactamase	cephalosporin	ARO:0000032	aro_obo
ARO:3007439	SSA beta-lactamase	cephalosporin	ARO:0000032	aro_obo
ARO:3007439	SSA beta-lactamase	penicillin antibiotic	ARO:3000008	aro_obo
ARO:3005451	SST beta-lactamase	cephalosporin	ARO:0000032	aro_obo
ARO:3005452	STA beta-lactamase	carbapenem	ARO:0000020	aro_obo
ARO:3007683	Serine/threonine kinases	cephalosporin	ARO:0000032	aro_obo
ARO:3003050	SmeABC	aminoglycoside antibiotic	ARO:0000016	aro_obo
ARO:3003050	SmeABC	cephalosporin	ARO:0000032	aro_obo
ARO:3003050	SmeABC	penicillin antibiotic	ARO:3000008	aro_obo
ARO:3003054	SmeDEF	fluoroquinolone antibiotic	ARO:0000001	aro_obo
ARO:3003054	SmeDEF	macrolide antibiotic	ARO:0000000	aro_obo
ARO:3004288	Subclass B1 Vibrio cholerae varG beta-lactamase	carbapenem	ARO:0000020	aro_obo
ARO:3004279	Sugar Porin (SP)	fluoroquinolone antibiotic	ARO:0000001	aro_obo
ARO:3004279	Sugar Porin (SP)	tetracycline antibiotic	ARO:3000050	aro_obo
ARO:3000014	TEM beta-lactamase	cephalosporin	ARO:0000032	aro_obo
ARO:3000014	TEM beta-lactamase	monobactam	ARO:0000004	aro_obo
ARO:3000014	TEM beta-lactamase	penicillin antibiotic	ARO:3000008	aro_obo
ARO:3005453	TER beta-lactamase	carbapenem	ARO:0000020	aro_obo
ARO:3005453	TER beta-lactamase	cephalosporin	ARO:0000032	aro_obo
ARO:3004214	THIN-B beta-lactamase	carbapenem	ARO:0000020	aro_obo
ARO:3004214	THIN-B beta-lactamase	cephalosporin	ARO:0000032	aro_obo
ARO:3004214	THIN-B beta-lactamase	penicillin antibiotic	ARO:3000008	aro_obo
ARO:3003201	TLA beta-lactamase	cephalosporin	ARO:0000032	aro_obo
ARO:3003201	TLA beta-lactamase	monobactam	ARO:0000004	aro_obo
ARO:3004104	TMB beta-lactamase	carbapenem	ARO:0000020	aro_obo
ARO:3004104	TMB beta-lactamase	cephalosporin	ARO:0000032	aro_obo
ARO:3004449	TRU beta-lactamase	cephalosporin	ARO:0000032	aro_obo
ARO:3004449	TRU beta-lactamase	penicillin antibiotic	ARO:3000008	aro_obo
ARO:3005454	TTU beta-lactamase	carbapenem	ARO:0000020	aro_obo
ARO:3004205	TUS beta-lactamase	carbapenem	ARO:0000020	aro_obo
ARO:3004205	TUS beta-lactamase	cephalosporin	ARO:0000032	aro_obo
ARO:3005086	Target protecting FusB-type protein conferring resistance to Fusidic acid	fusidane antibiotic	ARO:3007153	aro_obo
ARO:3007065	VAM beta-lactamase	carbapenem	ARO:0000020	aro_obo
ARO:3007065	VAM beta-lactamase	cephalosporin	ARO:0000032	aro_obo
ARO:3004196	VCC beta-lactamase	carbapenem	ARO:0000020	aro_obo
ARO:3004196	VCC beta-lactamase	monobactam	ARO:0000004	aro_obo
ARO:3004196	VCC beta-lactamase	penicillin antibiotic	ARO:3000008	aro_obo
ARO:3000043	VEB beta-lactamase	cephalosporin	ARO:0000032	aro_obo
ARO:3000043	VEB beta-lactamase	monobactam	ARO:0000004	aro_obo
ARO:3005455	VHH beta-lactamase	carbapenem	ARO:0000020	aro_obo
ARO:3005455	VHH beta-lactamase	cephalosporin	ARO:0000032	aro_obo
ARO:3005456	VHW beta-lactamase	carbapenem	ARO:0000020	aro_obo
ARO:3005456	VHW beta-lactamase	cephalosporin	ARO:0000032	aro_obo
ARO:3000021	VIM beta-lactamase	carbapenem	ARO:0000020	aro_obo
ARO:3000021	VIM beta-lactamase	cephalosporin	ARO:0000032	aro_obo
ARO:3000021	VIM beta-lactamase	penicillin antibiotic	ARO:3000008	aro_obo
ARO:3005014	VMB beta-lactamase	carbapenem	ARO:0000020	aro_obo
ARO:3002906	Van ligase	glycopeptide antibiotic	ARO:3000081	aro_obo
ARO:3007440	WUS beta-lactamase	carbapenem	ARO:0000020	aro_obo
ARO:3007440	WUS beta-lactamase	penicillin antibiotic	ARO:3000008	aro_obo
ARO:3005457	YEM beta-lactamase	carbapenem	ARO:0000020	aro_obo
ARO:3007882	YOC beta-lactamase	cephalosporin	ARO:0000032	aro_obo
ARO:3005034	YRC beta-lactamase	cephalosporin	ARO:0000032	aro_obo
ARO:3005034	YRC beta-lactamase	penicillin antibiotic	ARO:3000008	aro_obo
ARO:3005458	ZOG beta-lactamase	carbapenem	ARO:0000020	aro_obo
ARO:3005000	Zoliflodacin resistant gyrB	zoliflodacin-like antibiotic	ARO:3007160	aro_obo
ARO:3000753	abeM	fluoroquinolone antibiotic	ARO:0000001	aro_obo
ARO:3000491	acrD	aminoglycoside antibiotic	ARO:0000016	aro_obo
ARO:3007430	alm glycyl carrier protein	peptide antibiotic	ARO:3000053	aro_obo
ARO:3007432	alm glycyltransferase	peptide antibiotic	ARO:3000053	aro_obo
ARO:3003840	aminocoumarin resistant cysB	aminocoumarin antibiotic	ARO:3000103	aro_obo
ARO:3000479	aminocoumarin resistant gyrB	aminocoumarin antibiotic	ARO:3000103	aro_obo
ARO:3000457	aminocoumarin resistant parE	aminocoumarin antibiotic	ARO:3000103	aro_obo
ARO:3000480	aminocoumarin resistant parY	aminocoumarin antibiotic	ARO:3000103	aro_obo
ARO:3003787	aminocoumarin self resistant parY	aminocoumarin antibiotic	ARO:3000103	aro_obo
ARO:3007419	aminoglycoside bifunctional resistance protein	aminoglycoside antibiotic	ARO:0000016	aro_obo
ARO:3004183	aminosalicylate resistant dihydrofolate reductase	salicylic acid antibiotic	ARO:3007159	aro_obo
ARO:3004155	aminosalicylate resistant dihydrofolate synthase	salicylic acid antibiotic	ARO:3007159	aro_obo
ARO:3004152	aminosalicylate resistant thymidylate synthase	salicylic acid antibiotic	ARO:3007159	aro_obo
ARO:3004232	ampC-type beta-lactamase	cephalosporin	ARO:0000032	aro_obo
ARO:3004232	ampC-type beta-lactamase	penicillin antibiotic	ARO:3000008	aro_obo
ARO:3007797	ampR transcriptional regulator with mutation conferring resistance to monobactam antibiotics	monobactam	ARO:0000004	aro_obo
ARO:3007477	antibiotic resistant ATP synthase	diarylquinoline antibiotic	ARO:3004491	aro_obo
ARO:3007656	antibiotic resistant Mycobacterium tuberculosis nitroreductase	nitroimidazole antibiotic	ARO:3004115	aro_obo
ARO:3004284	antibiotic resistant fabG	disinfecting agents and antiseptics	ARO:3005386	aro_obo
ARO:3004270	antibiotic resistant fabI	disinfecting agents and antiseptics	ARO:3005386	aro_obo
ARO:3004270	antibiotic resistant fabI	isonicotinic acid hydrazide	ARO:3007152	aro_obo
ARO:3003734	antibiotic resistant fusA	fusidane antibiotic	ARO:3007153	aro_obo
ARO:3003736	antibiotic resistant fusE	fusidane antibiotic	ARO:3007153	aro_obo
ARO:3003466	antibiotic resistant gidB	aminoglycoside antibiotic	ARO:0000016	aro_obo
ARO:3003462	antibiotic resistant kasA	isonicotinic acid hydrazide	ARO:3007152	aro_obo
ARO:3003460	antibiotic resistant ndh	isonicotinic acid hydrazide	ARO:3007152	aro_obo
ARO:3003754	antibiotic resistant nfsA	nitrofuran antibiotic	ARO:3004116	aro_obo
ARO:3005002	antibiotic resistant polyketide synthase genes	pyrazine antibiotic	ARO:3007155	aro_obo
ARO:3004247	antibiotic-resistant GlpT	phosphonic acid antibiotic	ARO:3007149	aro_obo
ARO:3004248	antibiotic-resistant UhpT	phosphonic acid antibiotic	ARO:3007149	aro_obo
ARO:3004251	antibiotic-resistant cya adenylate cyclase	phosphonic acid antibiotic	ARO:3007149	aro_obo
ARO:3000446	antibiotic-resistant isoleucyl-tRNA synthetase (ileS)	mupirocin-like antibiotic	ARO:3007151	aro_obo
ARO:3002811	antibiotic-resistant murA transferase	phosphonic acid antibiotic	ARO:3007149	aro_obo
ARO:3004250	antibiotic-resistant ptsI phosphotransferase	phosphonic acid antibiotic	ARO:3007149	aro_obo
ARO:3003419	antibiotic-resistant rpsL	aminoglycoside antibiotic	ARO:0000016	aro_obo
ARO:3007673	bedaquiline resistant Rv0678	diarylquinoline antibiotic	ARO:3004491	aro_obo
ARO:3007691	bedaquiline resistant Rv2535c	diarylquinoline antibiotic	ARO:3004491	aro_obo
ARO:3004233	blaF family beta-lactamase	penicillin antibiotic	ARO:3000008	aro_obo
ARO:3005110	blaS	cephalosporin	ARO:0000032	aro_obo
ARO:3005110	blaS	penicillin antibiotic	ARO:3000008	aro_obo
ARO:3003006	blt	fluoroquinolone antibiotic	ARO:0000001	aro_obo
ARO:3003007	bmr	fluoroquinolone antibiotic	ARO:0000001	aro_obo
ARO:3007074	capreomycin phosphotransferase	aminoglycoside antibiotic	ARO:0000016	aro_obo
ARO:3003835	cdeA	fluoroquinolone antibiotic	ARO:0000001	aro_obo
ARO:3000122	chloramphenicol acetyltransferase (CAT)	phenicol antibiotic	ARO:3000387	aro_obo
ARO:3000249	chloramphenicol phosphotransferase	phenicol antibiotic	ARO:3000387	aro_obo
ARO:3004467	ciprofloxacin phosphotransferase	fluoroquinolone antibiotic	ARO:0000001	aro_obo
ARO:3004229	class A Bacillus anthracis Bla beta-lactamase	penicillin antibiotic	ARO:3000008	aro_obo
ARO:3007100	class A Bacillus cereus Bc beta-lactamase	cephalosporin	ARO:0000032	aro_obo
ARO:3004228	class A LRA beta-lactamase	cephalosporin	ARO:0000032	aro_obo
ARO:3004228	class A LRA beta-lactamase	penicillin antibiotic	ARO:3000008	aro_obo
ARO:3007179	class A Mycobacterium abscessus beta-lactamase	cephalosporin	ARO:0000032	aro_obo
ARO:3007179	class A Mycobacterium abscessus beta-lactamase	penicillin antibiotic	ARO:3000008	aro_obo
ARO:3007181	class A Mycobacterium tuberculosis bla beta-lactamase	cephalosporin	ARO:0000032	aro_obo
ARO:3007181	class A Mycobacterium tuberculosis bla beta-lactamase	penicillin antibiotic	ARO:3000008	aro_obo
ARO:3004231	class C LRA beta-lactamase	cephalosporin	ARO:0000032	aro_obo
ARO:3004231	class C LRA beta-lactamase	penicillin antibiotic	ARO:3000008	aro_obo
ARO:3004241	class D LRA beta-lactamase	cephalosporin	ARO:0000032	aro_obo
ARO:3004241	class D LRA beta-lactamase	penicillin antibiotic	ARO:3000008	aro_obo
ARO:3007853	clofazimine resistant Rv0678	fluoroquinolone antibiotic	ARO:0000001	aro_obo
ARO:3002694	cmlA4	phenicol antibiotic	ARO:3000387	aro_obo
ARO:3004257	cpa acetyltransferase	aminoglycoside antibiotic	ARO:0000016	aro_obo
ARO:3004943	cycloserine resistant ald	cycloserine-like antibiotic	ARO:3007154	aro_obo
ARO:3004946	cycloserine resistant alr	cycloserine-like antibiotic	ARO:3007154	aro_obo
ARO:3004939	cycloserine resistant ddlA	cycloserine-like antibiotic	ARO:3007154	aro_obo
ARO:3003388	dapsone resistant dihydropteroate synthase folP	sulphone antibiotic	ARO:3003401	aro_obo
ARO:3004096	daptomycin resistant CdsA	peptide antibiotic	ARO:3000053	aro_obo
ARO:3003816	daptomycin resistant YvlB	peptide antibiotic	ARO:3000053	aro_obo
ARO:3003798	daptomycin resistant YybT	peptide antibiotic	ARO:3000053	aro_obo
ARO:3003804	daptomycin resistant agrA	peptide antibiotic	ARO:3000053	aro_obo
ARO:3003272	daptomycin resistant cls	peptide antibiotic	ARO:3000053	aro_obo
ARO:3003814	daptomycin resistant drmA	peptide antibiotic	ARO:3000053	aro_obo
ARO:3003802	daptomycin resistant gdpD	peptide antibiotic	ARO:3000053	aro_obo
ARO:3003806	daptomycin resistant gshF	peptide antibiotic	ARO:3000053	aro_obo
ARO:3004262	daptomycin resistant liaF	peptide antibiotic	ARO:3000053	aro_obo
ARO:3004263	daptomycin resistant liaR	peptide antibiotic	ARO:3000053	aro_obo
ARO:3004264	daptomycin resistant liaS	peptide antibiotic	ARO:3000053	aro_obo
ARO:3003091	daptomycin resistant mprF	peptide antibiotic	ARO:3000053	aro_obo
ARO:3003080	daptomycin resistant pgsA	peptide antibiotic	ARO:3000053	aro_obo
ARO:3003795	daptomycin resistant walK	peptide antibiotic	ARO:3000053	aro_obo
ARO:3003290	daptomycin-resistant beta prime subunit of RNA polymerase (rpoC)	peptide antibiotic	ARO:3000053	aro_obo
ARO:3003090	daptomycin-resistant beta-subunit of RNA polymerase (rpoB)	peptide antibiotic	ARO:3000053	aro_obo
ARO:3003090	daptomycin-resistant beta-subunit of RNA polymerase (rpoB)	rifamycin antibiotic	ARO:3000157	aro_obo
ARO:3000863	defensin resistant mprF	peptide antibiotic	ARO:3000053	aro_obo
ARO:3007851	delamanid-resistant fgd1	nitroimidazole antibiotic	ARO:3004115	aro_obo
ARO:3003954	efmA	fluoroquinolone antibiotic	ARO:0000001	aro_obo
ARO:3001312	elfamycin resistant EF-Tu	elfamycin antibiotic	ARO:3001219	aro_obo
ARO:3000309	emrD	disinfecting agents and antiseptics	ARO:3005386	aro_obo
ARO:3002876	ethambutol resistant aftA	polyamine antibiotic	ARO:3000527	aro_obo
ARO:3003452	ethambutol resistant embA	polyamine antibiotic	ARO:3000527	aro_obo
ARO:3000235	ethambutol resistant embB	polyamine antibiotic	ARO:3000527	aro_obo
ARO:3002706	ethambutol resistant embC	polyamine antibiotic	ARO:3000527	aro_obo
ARO:3003454	ethambutol resistant embR	polyamine antibiotic	ARO:3000527	aro_obo
ARO:3003447	ethambutol resistant iniA	polyamine antibiotic	ARO:3000527	aro_obo
ARO:3004949	ethambutol resistant ubiA	polyamine antibiotic	ARO:3000527	aro_obo
ARO:3003457	ethionamide resistant ethA	thioamide antibiotic	ARO:3007156	aro_obo
ARO:3004888	ethionamide resistant fabG1	thioamide antibiotic	ARO:3007156	aro_obo
ARO:3004890	ethionamide resistant mshC	thioamide antibiotic	ARO:3007156	aro_obo
ARO:3004892	ethionamide resistant nudC	thioamide antibiotic	ARO:3007156	aro_obo
ARO:3004917	fluoroquinolone resistant eccB5	fluoroquinolone antibiotic	ARO:0000001	aro_obo
ARO:3004920	fluoroquinolone resistant eccC5	fluoroquinolone antibiotic	ARO:0000001	aro_obo
ARO:3003292	fluoroquinolone resistant gyrA	fluoroquinolone antibiotic	ARO:0000001	aro_obo
ARO:3000864	fluoroquinolone resistant gyrB	fluoroquinolone antibiotic	ARO:0000001	aro_obo
ARO:3000619	fluoroquinolone resistant parC	fluoroquinolone antibiotic	ARO:0000001	aro_obo
ARO:3003313	fluoroquinolone resistant parE	fluoroquinolone antibiotic	ARO:0000001	aro_obo
ARO:3003786	fluoroquinolone self resistant parC	fluoroquinolone antibiotic	ARO:0000001	aro_obo
ARO:3004245	fosC phosphotransferase family	phosphonic acid antibiotic	ARO:3007149	aro_obo
ARO:3000133	fosfomycin thiol transferase	phosphonic acid antibiotic	ARO:3007149	aro_obo
ARO:3003025	fusidic acid inactivation enzyme	fusidane antibiotic	ARO:3007153	aro_obo
ARO:3004236	gimA family macrolide glycosyltransferase	macrolide antibiotic	ARO:0000000	aro_obo
ARO:3000234	glycopeptide resistance gene cluster	glycopeptide antibiotic	ARO:3000081	aro_obo
ARO:3007207	helicase-like RNA polymerase protection protein	rifamycin antibiotic	ARO:3000157	aro_obo
ARO:3004875	inhA with mutations with conferring resistance to ethionamide	thioamide antibiotic	ARO:3007156	aro_obo
ARO:3004465	intrinsic colistin resistant phosphoethanolamine transferase	peptide antibiotic	ARO:3000053	aro_obo
ARO:3005103	isoniazid resistant ethA	isonicotinic acid hydrazide	ARO:3007152	aro_obo
ARO:3004895	isoniazid resistant fabG1	isonicotinic acid hydrazide	ARO:3007152	aro_obo
ARO:3004897	isoniazid resistant furA	isonicotinic acid hydrazide	ARO:3007152	aro_obo
ARO:3004899	isoniazid resistant inbR	isonicotinic acid hydrazide	ARO:3007152	aro_obo
ARO:3004874	isoniazid resistant inhA	isonicotinic acid hydrazide	ARO:3007152	aro_obo
ARO:3003416	isoniazid resistant katG	isonicotinic acid hydrazide	ARO:3007152	aro_obo
ARO:3004908	isoniazid resistant mmaA3	isonicotinic acid hydrazide	ARO:3007152	aro_obo
ARO:3004901	isoniazid resistant mshA	isonicotinic acid hydrazide	ARO:3007152	aro_obo
ARO:3004903	isoniazid resistant mshB	isonicotinic acid hydrazide	ARO:3007152	aro_obo
ARO:3004904	isoniazid resistant mshC	isonicotinic acid hydrazide	ARO:3007152	aro_obo
ARO:3004906	isoniazid resistant mymA	isonicotinic acid hydrazide	ARO:3007152	aro_obo
ARO:3004910	isoniazid resistant nat	isonicotinic acid hydrazide	ARO:3007152	aro_obo
ARO:3004911	isoniazid resistant nudC	isonicotinic acid hydrazide	ARO:3007152	aro_obo
ARO:3004913	isoniazid resistant sigI	isonicotinic acid hydrazide	ARO:3007152	aro_obo
ARO:3004962	kanamycin resistant eis	aminoglycoside antibiotic	ARO:0000016	aro_obo
ARO:3004046	kdpDE	aminoglycoside antibiotic	ARO:0000016	aro_obo
ARO:3003810	kirromycin self resistant EF-Tu	elfamycin antibiotic	ARO:3001219	aro_obo
ARO:3003967	lfrA	fluoroquinolone antibiotic	ARO:0000001	aro_obo
ARO:3000221	lincosamide nucleotidyltransferase (LNU)	lincosamide antibiotic	ARO:0000017	aro_obo
ARO:3004363	lipid A acyltransferase	peptide antibiotic	ARO:3000053	aro_obo
ARO:3004287	lipid A phosphatase	peptide antibiotic	ARO:3000053	aro_obo
ARO:3003027	lmrAB Operon	lincosamide antibiotic	ARO:0000017	aro_obo
ARO:3002882	lmrD	lincosamide antibiotic	ARO:0000017	aro_obo
ARO:3003969	lmrP	lincosamide antibiotic	ARO:0000017	aro_obo
ARO:3003969	lmrP	macrolide antibiotic	ARO:0000000	aro_obo
ARO:3003969	lmrP	streptogramin antibiotic	ARO:0000026	aro_obo
ARO:3003969	lmrP	tetracycline antibiotic	ARO:3000050	aro_obo
ARO:3004472	lsa-type ABC-F protein	lincosamide antibiotic	ARO:0000017	aro_obo
ARO:3004472	lsa-type ABC-F protein	pleuromutilin antibiotic	ARO:3000670	aro_obo
ARO:3004472	lsa-type ABC-F protein	streptogramin antibiotic	ARO:0000026	aro_obo
ARO:3004265	lysocin resistant menA	peptide antibiotic	ARO:3000053	aro_obo
ARO:3000320	macrolide esterase	macrolide antibiotic	ARO:0000000	aro_obo
ARO:3000333	macrolide phosphotransferase (MPH)	macrolide antibiotic	ARO:0000000	aro_obo
ARO:3000747	mef	macrolide antibiotic	ARO:0000000	aro_obo
ARO:3005089	mef(D)	macrolide antibiotic	ARO:0000000	aro_obo
ARO:3000026	mepA	glycylcycline	ARO:0000042	aro_obo
ARO:3001208	methicillin resistant PBP2	penicillin antibiotic	ARO:3000008	aro_obo
ARO:3004237	mgt macrolide glycotransferase	macrolide antibiotic	ARO:0000000	aro_obo
ARO:3005058	mlaFEDB	oxazolidinone antibiotic	ARO:3000079	aro_obo
ARO:3007050	mreA	macrolide antibiotic	ARO:0000000	aro_obo
ARO:3004471	msr-type ABC-F protein	macrolide antibiotic	ARO:0000000	aro_obo
ARO:3004471	msr-type ABC-F protein	streptogramin antibiotic	ARO:0000026	aro_obo
ARO:3007184	multidrug resistant Rv1258c	aminoglycoside antibiotic	ARO:0000016	aro_obo
ARO:3007184	multidrug resistant Rv1258c	isonicotinic acid hydrazide	ARO:3007152	aro_obo
ARO:3007184	multidrug resistant Rv1258c	polyamine antibiotic	ARO:3000527	aro_obo
ARO:3007184	multidrug resistant Rv1258c	pyrazine antibiotic	ARO:3007155	aro_obo
ARO:3004560	murG transferase	glycopeptide antibiotic	ARO:3000081	aro_obo
ARO:3007103	nitroimidazole reductase	nitroimidazole antibiotic	ARO:3004115	aro_obo
ARO:3003065	non-erm 23S ribosomal RNA methyltransferase (A1067)	peptide antibiotic	ARO:3000053	aro_obo
ARO:3001298	non-erm 23S ribosomal RNA methyltransferase (G748)	lincosamide antibiotic	ARO:0000017	aro_obo
ARO:3001298	non-erm 23S ribosomal RNA methyltransferase (G748)	macrolide antibiotic	ARO:0000000	aro_obo
ARO:3000465	ole glycosyltransferase	macrolide antibiotic	ARO:0000000	aro_obo
ARO:3003921	oqxAB	fluoroquinolone antibiotic	ARO:0000001	aro_obo
ARO:3005205	perchlozone resistant ethA	thiosemicarbazone antibiotic	ARO:3007161	aro_obo
ARO:3004286	phenotypic variant regulator	aminoglycoside antibiotic	ARO:0000016	aro_obo
ARO:3000821	phoPQ	peptide antibiotic	ARO:3000053	aro_obo
ARO:3004269	pmr phosphoethanolamine transferase	peptide antibiotic	ARO:3000053	aro_obo
ARO:3007428	polymyxin resistance operon	peptide antibiotic	ARO:3000053	aro_obo
ARO:3005104	prothionamide resistant ethA	thioamide antibiotic	ARO:3007156	aro_obo
ARO:3007841	prothionamide resistant fabG1	thioamide antibiotic	ARO:3007156	aro_obo
ARO:3005101	prothionamide resistant katG	thioamide antibiotic	ARO:3007156	aro_obo
ARO:3005107	prothionamide resistant mshA	thioamide antibiotic	ARO:3007156	aro_obo
ARO:3004980	pyrazinamide resistant Rv0191	pyrazine antibiotic	ARO:3007155	aro_obo
ARO:3004983	pyrazinamide resistant Rv1667	pyrazine antibiotic	ARO:3007155	aro_obo
ARO:3004986	pyrazinamide resistant Rv2731	pyrazine antibiotic	ARO:3007155	aro_obo
ARO:3004989	pyrazinamide resistant Rv3008	pyrazine antibiotic	ARO:3007155	aro_obo
ARO:3004992	pyrazinamide resistant Rv3169	pyrazine antibiotic	ARO:3007155	aro_obo
ARO:3004878	pyrazinamide resistant clpC1	pyrazine antibiotic	ARO:3007155	aro_obo
ARO:3004880	pyrazinamide resistant gpsI	pyrazine antibiotic	ARO:3007155	aro_obo
ARO:3004882	pyrazinamide resistant mas	pyrazine antibiotic	ARO:3007155	aro_obo
ARO:3004722	pyrazinamide resistant rpsA	pyrazine antibiotic	ARO:3007155	aro_obo
ARO:3003046	qacA	fluoroquinolone antibiotic	ARO:0000001	aro_obo
ARO:3003047	qacB	fluoroquinolone antibiotic	ARO:0000001	aro_obo
ARO:3005009	qacE	disinfecting agents and antiseptics	ARO:3005386	aro_obo
ARO:3005010	qacEdelta1	disinfecting agents and antiseptics	ARO:3005386	aro_obo
ARO:3003836	qacH	disinfecting agents and antiseptics	ARO:3005386	aro_obo
ARO:3005098	qacL	disinfecting agents and antiseptics	ARO:3005386	aro_obo
ARO:3000419	quinolone resistance protein (qnr)	fluoroquinolone antibiotic	ARO:0000001	aro_obo
ARO:3004998	rifampicin resistant rpoA	rifamycin antibiotic	ARO:3000157	aro_obo
ARO:3004995	rifampicin resistant rpoC	rifamycin antibiotic	ARO:3000157	aro_obo
ARO:3000390	rifampin ADP-ribosyltransferase (Arr)	rifamycin antibiotic	ARO:3000157	aro_obo
ARO:3000443	rifampin glycosyltransferase	rifamycin antibiotic	ARO:3000157	aro_obo
ARO:3000445	rifampin monooxygenase	rifamycin antibiotic	ARO:3000157	aro_obo
ARO:3004040	rifampin phosphotransferase	rifamycin antibiotic	ARO:3000157	aro_obo
ARO:3004959	rifamycin resistant ponA1	rifamycin antibiotic	ARO:3000157	aro_obo
ARO:3003464	rifamycin-resistant arabinosyltransferase	rifamycin antibiotic	ARO:3000157	aro_obo
ARO:3000210	rifamycin-resistant beta-subunit of RNA polymerase (rpoB)	rifamycin antibiotic	ARO:3000157	aro_obo
ARO:3007030	sal-type ABC-F protein	lincosamide antibiotic	ARO:0000017	aro_obo
ARO:3007030	sal-type ABC-F protein	pleuromutilin antibiotic	ARO:3000670	aro_obo
ARO:3007030	sal-type ABC-F protein	streptogramin A antibiotic	ARO:0000034	aro_obo
ARO:3000489	sav1866	disinfecting agents and antiseptics	ARO:3005386	aro_obo
ARO:3007013	sdrM	disinfecting agents and antiseptics	ARO:3005386	aro_obo
ARO:3007012	sepA	disinfecting agents and antiseptics	ARO:3005386	aro_obo
ARO:3007526	spectinomycin resistant rpsE	aminoglycoside antibiotic	ARO:0000016	aro_obo
ARO:3000453	streptogramin vat acetyltransferase	streptogramin antibiotic	ARO:0000026	aro_obo
ARO:3000376	streptogramin vgb lyase	streptogramin antibiotic	ARO:0000026	aro_obo
ARO:3004970	streptomycin resistant Rv1258c	aminoglycoside antibiotic	ARO:0000016	aro_obo
ARO:3004965	streptomycin resistant whib7	aminoglycoside antibiotic	ARO:0000016	aro_obo
ARO:3000869	streptothricin acetyltransferase (SAT)	nucleoside antibiotic	ARO:3000034	aro_obo
ARO:3004230	subclass B1 Bacillus anthracis Bla beta-lactamase	carbapenem	ARO:0000020	aro_obo
ARO:3004230	subclass B1 Bacillus anthracis Bla beta-lactamase	cephalosporin	ARO:0000032	aro_obo
ARO:3004230	subclass B1 Bacillus anthracis Bla beta-lactamase	penicillin antibiotic	ARO:3000008	aro_obo
ARO:3000577	subclass B1 Bacillus cereus Bc beta-lactamase	cephalosporin	ARO:0000032	aro_obo
ARO:3000577	subclass B1 Bacillus cereus Bc beta-lactamase	penicillin antibiotic	ARO:3000008	aro_obo
ARO:3007117	subclass B1 Bacteroides xylanisolvens crx beta-lactamase	carbapenem	ARO:0000020	aro_obo
ARO:3004227	subclass B1 PEDO beta-lactamase	carbapenem	ARO:0000020	aro_obo
ARO:3004226	subclass B3 LRA beta-lactamase	cephalosporin	ARO:0000032	aro_obo
ARO:3004226	subclass B3 LRA beta-lactamase	penicillin antibiotic	ARO:3000008	aro_obo
ARO:3004220	subclass B3 PEDO beta-lactamase	carbapenem	ARO:0000020	aro_obo
ARO:3003415	sulfonamide resistant dihydropteroate synthase folP	sulfonamide antibiotic	ARO:3000282	aro_obo
ARO:3004238	sulfonamide resistant sul	sulfonamide antibiotic	ARO:3000282	aro_obo
ARO:3000036	tetracycline inactivation enzyme	tetracycline antibiotic	ARO:3000050	aro_obo
ARO:0000002	tetracycline-resistant ribosomal protection protein	tetracycline antibiotic	ARO:3000050	aro_obo
ARO:3007684	transmembrane protein conferring colistin resistance	peptide antibiotic	ARO:3000053	aro_obo
ARO:3004333	triclosan resistant gyrA	disinfecting agents and antiseptics	ARO:3005386	aro_obo
ARO:3001218	trimethoprim resistant dihydrofolate reductase dfr	diaminopyrimidine antibiotic	ARO:3000171	aro_obo
ARO:3004285	tunicamycin resistance protein	nucleoside antibiotic	ARO:3000034	aro_obo
ARO:3003398	undecaprenyl pyrophosphate related proteins	peptide antibiotic	ARO:3000053	aro_obo
ARO:3000006	vanH	glycopeptide antibiotic	ARO:3000081	aro_obo
ARO:3004255	vanJ membrane protein	glycopeptide antibiotic	ARO:3000081	aro_obo
ARO:3002915	vanK	glycopeptide antibiotic	ARO:3000081	aro_obo
ARO:3000574	vanR	glycopeptide antibiotic	ARO:3000081	aro_obo
ARO:3000071	vanS	glycopeptide antibiotic	ARO:3000081	aro_obo
ARO:3000372	vanT	glycopeptide antibiotic	ARO:3000081	aro_obo
ARO:3000575	vanU	glycopeptide antibiotic	ARO:3000081	aro_obo
ARO:3002916	vanV	glycopeptide antibiotic	ARO:3000081	aro_obo
ARO:3000002	vanW	glycopeptide antibiotic	ARO:3000081	aro_obo
ARO:3000011	vanX	glycopeptide antibiotic	ARO:3000081	aro_obo
ARO:3000496	vanXY	glycopeptide antibiotic	ARO:3000081	aro_obo
ARO:3000077	vanY	glycopeptide antibiotic	ARO:3000081	aro_obo
ARO:3000116	vanZ	glycopeptide antibiotic	ARO:3000081	aro_obo
ARO:3004725	vancomycin-resistant beta prime subunit of RNA polymerase (rpoC)	glycopeptide antibiotic	ARO:3000081	aro_obo
ARO:3000113	vga-type ABC-F protein	pleuromutilin antibiotic	ARO:3000670	aro_obo
ARO:3000113	vga-type ABC-F protein	streptogramin A antibiotic	ARO:0000034	aro_obo
ARO:3004261	viomycin phosphotransferase	peptide antibiotic	ARO:3000053	aro_obo
