canonical_name	alias	alias_type	source
amikacin	AMK	card_abbreviation	card
amikacin	ak	abbreviation	amr_r
amikacin	ami	abbreviation	amr_r
amikacin	amik	abbreviation	amr_r
amikacin	amikac	abbreviation	amr_r
amikacin	amikacillin	synonym	amr_r
amikacin	amikacina	synonym	amr_r
amikacin	amikacine	synonym	amr_r
amikacin	amikacinum	synonym	amr_r
amikacin	amikavet	synonym	amr_r
amikacin	amikin	synonym	amr_r
amikacin	amikozit	synonym	amr_r
amikacin	amk	abbreviation	amr_r
amikacin	amukin	synonym	amr_r
amikacin	an	abbreviation	amr_r
amikacin	arikace	synonym	amr_r
amikacin	briclin	synonym	amr_r
amikacin	butirosins	synonym	amr_r
amikacin	kaminax	synonym	amr_r
amikacin	lukadin	synonym	amr_r
amikacin	mikavir	synonym	amr_r
amikacin	potentox	synonym	amr_r
amikacin	prestwick	synonym	amr_r
amoxicillin	AMX	card_abbreviation	card
amoxicillin	ac	abbreviation	amr_r
amoxicillin	acuotricina	synonym	amr_r
amoxicillin	alfamox	synonym	amr_r
amoxicillin	alfida	synonym	amr_r
amoxicillin	amitron	synonym	amr_r
amoxicillin	amoclen	synonym	amr_r
amoxicillin	amodex	synonym	amr_r
amoxicillin	amoksicillin	synonym	amr_r
amoxicillin	amolin	synonym	amr_r
amoxicillin	amopen	synonym	amr_r
amoxicillin	amopenixin	synonym	amr_r
amoxicillin	amophar	synonym	amr_r
amoxicillin	amoran	synonym	amr_r
amoxicillin	amox	abbreviation	amr_r
amoxicillin	amoxi	synonym	amr_r
amoxicillin	amoxic	abbreviation	amr_r
amoxicillin	amoxicaps	synonym	amr_r
amoxicillin	amoxicilina	synonym	amr_r
amoxicillin	amoxicilline	synonym	amr_r
amoxicillin	amoxicillinum	synonym	amr_r
amoxicillin	amoxidal	synonym	amr_r
amoxicillin	amoxiden	synonym	amr_r
amoxicillin	amoxil	synonym	amr_r
amoxicillin	amoxillat	synonym	amr_r
amoxicillin	amoxina	synonym	amr_r
amoxicillin	amoxine	synonym	amr_r
amoxicillin	amoxipen	synonym	amr_r
amoxicillin	amoxivet	synonym	amr_r
amoxicillin	amoxycillin	synonym	amr_r
amoxicillin	amoxycillinsalt	synonym	amr_r
amoxicillin	amoxyke	synonym	amr_r
amoxicillin	amx	abbreviation	amr_r
amoxicillin	anemolin	synonym	amr_r
amoxicillin	aspenil	synonym	amr_r
amoxicillin	atoksilin	synonym	amr_r
amoxicillin	bristamox	synonym	amr_r
amoxicillin	cemoxin	synonym	amr_r
amoxicillin	ciblor	synonym	amr_r
amoxicillin	clamoxyl	synonym	amr_r
amoxicillin	damoxy	synonym	amr_r
amoxicillin	danoxillin	synonym	amr_r
amoxicillin	delacillin	synonym	amr_r
amoxicillin	demoksil	synonym	amr_r
amoxicillin	dispermox	synonym	amr_r
amoxicillin	efpenix	synonym	amr_r
amoxicillin	eupen	synonym	amr_r
amoxicillin	flemoxin	synonym	amr_r
amoxicillin	flemoxine	synonym	amr_r
amoxicillin	galenamox	synonym	amr_r
amoxicillin	gramidil	synonym	amr_r
amoxicillin	hiconcil	synonym	amr_r
amoxicillin	himinomax	synonym	amr_r
amoxicillin	histocillin	synonym	amr_r
amoxicillin	ibiamox	synonym	amr_r
amoxicillin	imacillin	synonym	amr_r
amoxicillin	izoltil	synonym	amr_r
amoxicillin	kentrocyllin	synonym	amr_r
amoxicillin	lamoxy	synonym	amr_r
amoxicillin	largopen	synonym	amr_r
amoxicillin	larotid	synonym	amr_r
amoxicillin	matasedrin	synonym	amr_r
amoxicillin	metifarma	synonym	amr_r
amoxicillin	moksilin	synonym	amr_r
amoxicillin	moxacin	synonym	amr_r
amoxicillin	moxal	synonym	amr_r
amoxicillin	moxaline	synonym	amr_r
amoxicillin	moxatag	synonym	amr_r
amoxicillin	neotetranase	synonym	amr_r
amoxicillin	novabritine	synonym	amr_r
amoxicillin	ospamox	synonym	amr_r
amoxicillin	pacetocin	synonym	amr_r
amoxicillin	pamocil	synonym	amr_r
amoxicillin	paradroxil	synonym	amr_r
amoxicillin	pasetocin	synonym	amr_r
amoxicillin	penamox	synonym	amr_r
amoxicillin	piramox	synonym	amr_r
amoxicillin	promoxil	synonym	amr_r
amoxicillin	quimiopen	synonym	amr_r
amoxicillin	remoxil	synonym	amr_r
amoxicillin	riotapen	synonym	amr_r
amoxicillin	robamox	synonym	amr_r
amoxicillin	sawacillin	synonym	amr_r
amoxicillin	siganopen	synonym	amr_r
amoxicillin	simplamox	synonym	amr_r
amoxicillin	sintopen	synonym	amr_r
amoxicillin	sumox	synonym	amr_r
amoxicillin	topramoxin	synonym	amr_r
amoxicillin	trifamox	synonym	amr_r
amoxicillin	trimox	synonym	amr_r
amoxicillin	unicillin	synonym	amr_r
amoxicillin	utimox	synonym	amr_r
amoxicillin	velamox	synonym	amr_r
amoxicillin	vetramox	synonym	amr_r
amoxicillin	wymox	synonym	amr_r
amoxicillin	zamocillin	synonym	amr_r
amoxicillin	zamocilline	synonym	amr_r
amoxicillin	zimox	synonym	amr_r
amoxicillin+clavulanic acid	Amoxicillin+Clavulanic acid	source_name	resfinder
ampicillin	adobacillin	synonym	amr_r
ampicillin	alpen	synonym	amr_r
ampicillin	am	abbreviation	amr_r
ampicillin	amblosin	synonym	amr_r
ampicillin	amcap	synonym	amr_r
ampicillin	amcill	synonym	amr_r
ampicillin	amfipen	synonym	amr_r
ampicillin	amp	abbreviation	amr_r
ampicillin	amp100	abbreviation	amr_r
ampicillin	amp200	abbreviation	amr_r
ampicillin	ampen	synonym	amr_r
ampicillin	amperil	synonym	amr_r
ampicillin	ampi	abbreviation	amr_r
ampicillin	ampichel	synonym	amr_r
ampicillin	ampici	abbreviation	amr_r
ampicillin	ampicilina	synonym	amr_r
ampicillin	ampicillina	synonym	amr_r
ampicillin	ampicilline	synonym	amr_r
ampicillin	ampicillinesalt	synonym	amr_r
ampicillin	ampicillinsalt	synonym	amr_r
ampicillin	ampicillinum	synonym	amr_r
ampicillin	ampifarm	synonym	amr_r
ampicillin	ampikel	synonym	amr_r
ampicillin	ampimed	synonym	amr_r
ampicillin	ampinova	synonym	amr_r
ampicillin	ampipenin	synonym	amr_r
ampicillin	ampiscel	synonym	amr_r
ampicillin	ampisyn	synonym	amr_r
ampicillin	ampivax	synonym	amr_r
ampicillin	ampivet	synonym	amr_r
ampicillin	amplacilina	synonym	amr_r
ampicillin	amplin	synonym	amr_r
ampicillin	amplipenyl	synonym	amr_r
ampicillin	amplisom	synonym	amr_r
ampicillin	amplital	synonym	amr_r
ampicillin	austrapen	synonym	amr_r
ampicillin	bayer	synonym	amr_r
ampicillin	binotal	synonym	amr_r
ampicillin	bonapicillin	synonym	amr_r
ampicillin	britacil	synonym	amr_r
ampicillin	cimex	synonym	amr_r
ampicillin	citteral	synonym	amr_r
ampicillin	copharcilin	synonym	amr_r
ampicillin	cymbi	synonym	amr_r
ampicillin	delcillin	synonym	amr_r
ampicillin	deripen	synonym	amr_r
ampicillin	divercillin	synonym	amr_r
ampicillin	doktacillin	synonym	amr_r
ampicillin	domicillin	synonym	amr_r
ampicillin	duphacillin	synonym	amr_r
ampicillin	grampenil	synonym	amr_r
ampicillin	guicitrina	synonym	amr_r
ampicillin	guicitrine	synonym	amr_r
ampicillin	lifeampil	synonym	amr_r
ampicillin	marcillin	synonym	amr_r
ampicillin	morepen	synonym	amr_r
ampicillin	norobrittin	synonym	amr_r
ampicillin	nuvapen	synonym	amr_r
ampicillin	omnipen	synonym	amr_r
ampicillin	orbicilina	synonym	amr_r
ampicillin	penbristol	synonym	amr_r
ampicillin	penbritin	synonym	amr_r
ampicillin	penbrock	synonym	amr_r
ampicillin	penialmen	synonym	amr_r
ampicillin	penicline	synonym	amr_r
ampicillin	penimic	synonym	amr_r
ampicillin	penizillin	synonym	amr_r
ampicillin	pensyn	synonym	amr_r
ampicillin	pentrex	synonym	amr_r
ampicillin	pentrexl	synonym	amr_r
ampicillin	pentrexyl	synonym	amr_r
ampicillin	pentritin	synonym	amr_r
ampicillin	ponecil	synonym	amr_r
ampicillin	princillin	synonym	amr_r
ampicillin	principen	synonym	amr_r
ampicillin	racenacillin	synonym	amr_r
ampicillin	redicilin	synonym	amr_r
ampicillin	rosampline	synonym	amr_r
ampicillin	roscillin	synonym	amr_r
ampicillin	semicillin	synonym	amr_r
ampicillin	servicillin	synonym	amr_r
ampicillin	sumipanto	synonym	amr_r
ampicillin	supen	synonym	amr_r
ampicillin	synpenin	synonym	amr_r
ampicillin	texcillin	synonym	amr_r
ampicillin	tokiocillin	synonym	amr_r
ampicillin	tolomol	synonym	amr_r
ampicillin	totacillin	synonym	amr_r
ampicillin	totalciclina	synonym	amr_r
ampicillin	totapen	synonym	amr_r
ampicillin	trafarbiot	synonym	amr_r
ampicillin	trifacilina	synonym	amr_r
ampicillin	ukapen	synonym	amr_r
ampicillin	ultrabion	synonym	amr_r
ampicillin	ultrabron	synonym	amr_r
ampicillin	vampen	synonym	amr_r
ampicillin	viccillin	synonym	amr_r
ampicillin	vidocillin	synonym	amr_r
ampicillin	wypicil	synonym	amr_r
ampicillin+clavulanic acid	Ampicillin+Clavulanic acid	source_name	resfinder
apramycin	ambylan	synonym	amr_r
apramycin	apralan	synonym	amr_r
apramycin	apramicina	synonym	amr_r
apramycin	apramy	abbreviation	amr_r
apramycin	apramycine	synonym	amr_r
apramycin	apramycinum	synonym	amr_r
arbekacin	arbeka	abbreviation	amr_r
arbekacin	arbekacina	synonym	amr_r
arbekacin	arbekacine	synonym	amr_r
arbekacin	arbekacinum	synonym	amr_r
arbekacin	haberacin	synonym	amr_r
astromicin	abbott	synonym	amr_r
astromicin	astrom	abbreviation	amr_r
astromicin	astromicina	synonym	amr_r
astromicin	astromicine	synonym	amr_r
astromicin	astromicinum	synonym	amr_r
astromicin	fortimicin	synonym	amr_r
astromicin	istamycin	synonym	amr_r
astromicin	istamycins	synonym	amr_r
avibactam	AVI	card_abbreviation	card
avibactam	avibactamfreeacid	synonym	amr_r
avilamycin	avilam	abbreviation	amr_r
avilamycin	avilamycina	synonym	amr_r
avilamycin	avilamycine	synonym	amr_r
avilamycin	avilamycinum	synonym	amr_r
avilamycin	inteprity	synonym	amr_r
avilamycin	kavault	synonym	amr_r
avilamycin	surmax	synonym	amr_r
azithromycin	AZM	card_abbreviation	card
azithromycin	aritromicina	synonym	amr_r
azithromycin	aruzilina	synonym	amr_r
azithromycin	az	abbreviation	amr_r
azithromycin	azasite	synonym	amr_r
azithromycin	azenil	synonym	amr_r
azithromycin	azi	abbreviation	amr_r
azithromycin	azifast	synonym	amr_r
azithromycin	azigram	synonym	amr_r
azithromycin	azimakrol	synonym	amr_r
azithromycin	azit	abbreviation	amr_r
azithromycin	azithr	abbreviation	amr_r
azithromycin	azithramycine	synonym	amr_r
azithromycin	azithrocin	synonym	amr_r
azithromycin	azithromycine	synonym	amr_r
azithromycin	azithromycinum	synonym	amr_r
azithromycin	azitrocin	synonym	amr_r
azithromycin	azitromax	synonym	amr_r
azithromycin	azitromicina	synonym	amr_r
azithromycin	azitromicine	synonym	amr_r
azithromycin	azitromin	synonym	amr_r
azithromycin	aziwin	synonym	amr_r
azithromycin	aziwok	synonym	amr_r
azithromycin	azm	abbreviation	amr_r
azithromycin	aztrin	synonym	amr_r
azithromycin	azyter	synonym	amr_r
azithromycin	hemomycin	synonym	amr_r
azithromycin	macrozit	synonym	amr_r
azithromycin	misultina	synonym	amr_r
azithromycin	mixoterin	synonym	amr_r
azithromycin	setron	synonym	amr_r
azithromycin	sumamed	synonym	amr_r
azithromycin	tobil	synonym	amr_r
azithromycin	toraseptol	synonym	amr_r
azithromycin	tromix	synonym	amr_r
azithromycin	trozocina	synonym	amr_r
azithromycin	trulimax	synonym	amr_r
azithromycin	xithrone	synonym	amr_r
azithromycin	zentavion	synonym	amr_r
azithromycin	zifin	synonym	amr_r
azithromycin	zithrax	synonym	amr_r
azithromycin	zithromac	synonym	amr_r
azithromycin	zithromax	synonym	amr_r
azithromycin	zitrim	synonym	amr_r
azithromycin	zitromax	synonym	amr_r
azithromycin	zitrotek	synonym	amr_r
azithromycin	zythromax	synonym	amr_r
aztreonam	ATM	card_abbreviation	card
aztreonam	at	abbreviation	amr_r
aztreonam	atm	abbreviation	amr_r
aztreonam	azactam	synonym	amr_r
aztreonam	azetreonam	synonym	amr_r
aztreonam	azm	abbreviation	amr_r
aztreonam	azonam	synonym	amr_r
aztreonam	azt	abbreviation	amr_r
aztreonam	azt1	abbreviation	amr_r
aztreonam	azthreonam	synonym	amr_r
aztreonam	aztr	abbreviation	amr_r
aztreonam	aztreo	abbreviation	amr_r
aztreonam	aztreon	synonym	amr_r
aztreonam	aztreonamum	synonym	amr_r
aztreonam	cayston	synonym	amr_r
aztreonam	dynabiotic	synonym	amr_r
aztreonam	nebactam	synonym	amr_r
aztreonam	primbactam	synonym	amr_r
aztreonam	squibb	synonym	amr_r
bacitracin	albac	synonym	amr_r
bacitracin	altracin	synonym	amr_r
bacitracin	ayfivin	synonym	amr_r
bacitracin	baci	abbreviation	amr_r
bacitracin	baciferm	synonym	amr_r
bacitracin	baciguent	synonym	amr_r
bacitracin	baciim	synonym	amr_r
bacitracin	baciliquin	synonym	amr_r
bacitracin	bacilliquin	synonym	amr_r
bacitracin	baciquent	synonym	amr_r
bacitracin	bacitr	abbreviation	amr_r
bacitracin	bacitracina	synonym	amr_r
bacitracin	bacitracine	synonym	amr_r
bacitracin	bacitracinum	synonym	amr_r
bacitracin	fortracin	synonym	amr_r
bacitracin	mycitracin	synonym	amr_r
bacitracin	parentracin	synonym	amr_r
bacitracin	penitracin	synonym	amr_r
bacitracin	septa	synonym	amr_r
bacitracin	topitracin	synonym	amr_r
bacitracin	topitrasin	synonym	amr_r
bacitracin	tropitracin	synonym	amr_r
bacitracin	zutracin	synonym	amr_r
bedaquiline	BDQ	card_abbreviation	card
bleomycin	blenamax	synonym	amr_r
bleomycin	blenoxane	synonym	amr_r
bleomycin	bleocin	synonym	amr_r
bleomycin	bleomicin	synonym	amr_r
bleomycin	bleomicina	synonym	amr_r
bleomycin	bleomycine	synonym	amr_r
bleomycin	bleomycins	synonym	amr_r
bleomycin	bleomycinum	synonym	amr_r
bleomycin	blexane	synonym	amr_r
bleomycin	nbleomycinamide	synonym	amr_r
capreomycin	CAP	card_abbreviation	card
capreomycin	capr	abbreviation	amr_r
capreomycin	capreo	abbreviation	amr_r
cefazolin	ancef	synonym	amr_r
cefazolin	atirin	synonym	amr_r
cefazolin	biazolina	synonym	amr_r
cefazolin	cefabiozim	synonym	amr_r
cefazolin	cefacidal	synonym	amr_r
cefazolin	cefalomicina	synonym	amr_r
cefazolin	cefamedin	synonym	amr_r
cefazolin	cefamezin	synonym	amr_r
cefazolin	cefazil	synonym	amr_r
cefazolin	cefazina	synonym	amr_r
cefazolin	cefazo	abbreviation	amr_r
cefazolin	cefazolina	synonym	amr_r
cefazolin	cefazoline	synonym	amr_r
cefazolin	cefazolinsalt	synonym	amr_r
cefazolin	cefazolinum	synonym	amr_r
cefazolin	cephamezine	synonym	amr_r
cefazolin	cephazolidin	synonym	amr_r
cefazolin	cephazolin	synonym	amr_r
cefazolin	cephazoline	synonym	amr_r
cefazolin	cfz	abbreviation	amr_r
cefazolin	cfzl	abbreviation	amr_r
cefazolin	cz	abbreviation	amr_r
cefazolin	czol	abbreviation	amr_r
cefazolin	elzogram	synonym	amr_r
cefazolin	faz	abbreviation	amr_r
cefazolin	firmacef	synonym	amr_r
cefazolin	gramaxin	synonym	amr_r
cefazolin	kefzol	synonym	amr_r
cefazolin	kz	abbreviation	amr_r
cefazolin	lampocef	synonym	amr_r
cefazolin	liviclina	synonym	amr_r
cefazolin	neofazol	synonym	amr_r
cefazolin	oprea	synonym	amr_r
cefazolin	recef	synonym	amr_r
cefazolin	totacef	synonym	amr_r
cefazolin	zolicef	synonym	amr_r
cefazolin	zolisint	synonym	amr_r
cefepime	anticefepime	synonym	amr_r
cefepime	axepim	synonym	amr_r
cefepime	cefep4	abbreviation	amr_r
cefepime	cefepi	abbreviation	amr_r
cefepime	cefepima	synonym	amr_r
cefepime	cefepimum	synonym	amr_r
cefepime	cfep	abbreviation	amr_r
cefepime	cfpi	abbreviation	amr_r
cefepime	cpe	abbreviation	amr_r
cefepime	cpm	abbreviation	amr_r
cefepime	fep	abbreviation	amr_r
cefepime	maxipime	synonym	amr_r
cefepime	pm	abbreviation	amr_r
cefepime	pyrrolidinium	synonym	amr_r
cefepime	renapime	synonym	amr_r
cefepime	xpm	abbreviation	amr_r
cefiderocol	fetcroja	synonym	amr_r
cefixime	cefixi	abbreviation	amr_r
cefixime	cefixim	synonym	amr_r
cefixime	cefixima	synonym	amr_r
cefixime	cefiximum	synonym	amr_r
cefixime	cefixoral	synonym	amr_r
cefixime	cefspan	synonym	amr_r
cefixime	cephoral	synonym	amr_r
cefixime	cfe	abbreviation	amr_r
cefixime	cfix	abbreviation	amr_r
cefixime	cfxm	abbreviation	amr_r
cefixime	citropen	synonym	amr_r
cefixime	dcfm	abbreviation	amr_r
cefixime	denvar	synonym	amr_r
cefixime	fix	abbreviation	amr_r
cefixime	ix	abbreviation	amr_r
cefixime	necopen	synonym	amr_r
cefixime	oraken	synonym	amr_r
cefixime	oroken	synonym	amr_r
cefixime	suprax	synonym	amr_r
cefixime	tricef	synonym	amr_r
cefixime	unixime	synonym	amr_r
cefotaxime	anticefotaxime	synonym	amr_r
cefotaxime	cefo32	abbreviation	amr_r
cefotaxime	cefota	abbreviation	amr_r
cefotaxime	cefotax	synonym	amr_r
cefotaxime	cefotaxim	synonym	amr_r
cefotaxime	cefotaxima	synonym	amr_r
cefotaxime	cefotaximesalt	synonym	amr_r
cefotaxime	cefotaximsalt	synonym	amr_r
cefotaxime	cefotaximum	synonym	amr_r
cefotaxime	cephotaxim	synonym	amr_r
cefotaxime	cephotaxime	synonym	amr_r
cefotaxime	cfot	abbreviation	amr_r
cefotaxime	cft	abbreviation	amr_r
cefotaxime	cftx	abbreviation	amr_r
cefotaxime	claforan	synonym	amr_r
cefotaxime	ct	abbreviation	amr_r
cefotaxime	ctx	abbreviation	amr_r
cefotaxime	fot	abbreviation	amr_r
cefotaxime	fot1	abbreviation	amr_r
cefotaxime	kefotex	synonym	amr_r
cefotaxime	omnatax	synonym	amr_r
cefotaxime	pretor	synonym	amr_r
cefotaxime	ralopar	synonym	amr_r
cefotaxime	tax	abbreviation	amr_r
cefotaxime	taxmen	abbreviation	amr_r
cefotaxime	taxnme	abbreviation	amr_r
cefotaxime	tolycar	synonym	amr_r
cefotaxime	tolycor	synonym	amr_r
cefotaxime	xct	abbreviation	amr_r
cefotaxime	zariviz	synonym	amr_r
cefotaxime+clavulanic acid	Cefotaxime+Clavulanic acid	source_name	resfinder
cefoxitin	betacef	synonym	amr_r
cefoxitin	cefoxi	abbreviation	amr_r
cefoxitin	cefoxil	synonym	amr_r
cefoxitin	cefoxitina	synonym	amr_r
cefoxitin	cefoxitine	synonym	amr_r
cefoxitin	cefoxitinsalt	synonym	amr_r
cefoxitin	cefoxitinum	synonym	amr_r
cefoxitin	cefoxotin	synonym	amr_r
cefoxitin	cenomycin	synonym	amr_r
cefoxitin	cfox	abbreviation	amr_r
cefoxitin	cfx	abbreviation	amr_r
cefoxitin	cfxt	abbreviation	amr_r
cefoxitin	cx	abbreviation	amr_r
cefoxitin	farmoxin	synonym	amr_r
cefoxitin	fox	abbreviation	amr_r
cefoxitin	fx	abbreviation	amr_r
cefoxitin	mefoxin	synonym	amr_r
cefoxitin	mefoxithin	synonym	amr_r
cefoxitin	mefoxitin	synonym	amr_r
cefoxitin	merxin	synonym	amr_r
cefoxitin	rephoxitin	synonym	amr_r
ceftaroline	ceftar	abbreviation	amr_r
ceftaroline	ceftaroine	synonym	amr_r
ceftaroline	cfro	abbreviation	amr_r
ceftaroline	teflaro	synonym	amr_r
ceftaroline	zinforo	synonym	amr_r
ceftazidime	CEF	card_abbreviation	card
ceftazidime	caz	abbreviation	amr_r
ceftazidime	cef	abbreviation	amr_r
ceftazidime	cefta	abbreviation	amr_r
ceftazidime	ceftaz	abbreviation	amr_r
ceftazidime	ceftazimide	synonym	amr_r
ceftazidime	ceptaz	synonym	amr_r
ceftazidime	cfta	abbreviation	amr_r
ceftazidime	cftz	abbreviation	amr_r
ceftazidime	fortam	synonym	amr_r
ceftazidime	fortaz	synonym	amr_r
ceftazidime	fortum	synonym	amr_r
ceftazidime	glazidim	synonym	amr_r
ceftazidime	kefazim	synonym	amr_r
ceftazidime	modacin	synonym	amr_r
ceftazidime	pentacef	synonym	amr_r
ceftazidime	taz	abbreviation	amr_r
ceftazidime	tazicef	synonym	amr_r
ceftazidime	tizime	synonym	amr_r
ceftazidime	tz	abbreviation	amr_r
ceftazidime	xtz	abbreviation	amr_r
ceftazidime+avibactam	Ceftazidime+Avibactam	source_name	resfinder
ceftazidime-avibactam	CZA	card_abbreviation	card
ceftriaxone	axo	abbreviation	amr_r
ceftriaxone	biotrakson	synonym	amr_r
ceftriaxone	cax	abbreviation	amr_r
ceftriaxone	ceftri	abbreviation	amr_r
ceftriaxone	ceftriaxon	synonym	amr_r
ceftriaxone	ceftriaxona	synonym	amr_r
ceftriaxone	ceftriaxonum	synonym	amr_r
ceftriaxone	ceftriazone	synonym	amr_r
ceftriaxone	cftr	abbreviation	amr_r
ceftriaxone	cro	abbreviation	amr_r
ceftriaxone	ctr	abbreviation	amr_r
ceftriaxone	frx	abbreviation	amr_r
ceftriaxone	rocefin	synonym	amr_r
ceftriaxone	rocephalin	synonym	amr_r
ceftriaxone	rocephin	synonym	amr_r
ceftriaxone	rocephine	synonym	amr_r
ceftriaxone	rophex	synonym	amr_r
ceftriaxone	trimen	abbreviation	amr_r
ceftriaxone	trinme	abbreviation	amr_r
ceftriaxone	tx	abbreviation	amr_r
cefuroxime	anaptivan	synonym	amr_r
cefuroxime	biociclin	synonym	amr_r
cefuroxime	biofuroksym	synonym	amr_r
cefuroxime	bioxima	synonym	amr_r
cefuroxime	cefaxe	abbreviation	amr_r
cefuroxime	cefofix	synonym	amr_r
cefuroxime	cefrox	abbreviation	amr_r
cefuroxime	cefumax	synonym	amr_r
cefuroxime	cefurex	synonym	amr_r
cefuroxime	cefuril	synonym	amr_r
cefuroxime	cefuro	abbreviation	amr_r
cefuroxime	cefurox	synonym	amr_r
cefuroxime	cefuroxim	synonym	amr_r
cefuroxime	cefuroxima	synonym	amr_r
cefuroxime	cefuroximesalt	synonym	amr_r
cefuroxime	cefuroximine	synonym	amr_r
cefuroxime	cefuroximo	synonym	amr_r
cefuroxime	cefuroximum	synonym	amr_r
cefuroxime	cephuroxime	synonym	amr_r
cefuroxime	cetroxil	synonym	amr_r
cefuroxime	cfrx	abbreviation	amr_r
cefuroxime	cfur	abbreviation	amr_r
cefuroxime	cfx	abbreviation	amr_r
cefuroxime	colifossim	synonym	amr_r
cefuroxime	crm	abbreviation	amr_r
cefuroxime	curoxim	synonym	amr_r
cefuroxime	curoxima	synonym	amr_r
cefuroxime	curoxime	synonym	amr_r
cefuroxime	cxm	abbreviation	amr_r
cefuroxime	froxal	synonym	amr_r
cefuroxime	fur	abbreviation	amr_r
cefuroxime	furoxil	synonym	amr_r
cefuroxime	kefurox	synonym	amr_r
cefuroxime	kesint	synonym	amr_r
cefuroxime	ketocef	synonym	amr_r
cefuroxime	lifurox	synonym	amr_r
cefuroxime	medoxim	synonym	amr_r
cefuroxime	rox	abbreviation	amr_r
cefuroxime	sharox	synonym	amr_r
cefuroxime	spectrazolr	synonym	amr_r
cefuroxime	ultroxim	synonym	amr_r
cefuroxime	xm	abbreviation	amr_r
cefuroxime	zinacef	synonym	amr_r
cefuroxime	zinnat	synonym	amr_r
cephalothin	Cefalotin	source_name	amr_r
cephalothin	averon	synonym	amr_r
cephalothin	cefalothin	synonym	amr_r
cephalothin	cefalothine	synonym	amr_r
cephalothin	cefalothinsalt	synonym	amr_r
cephalothin	cefalotina	synonym	amr_r
cephalothin	cefalotine	synonym	amr_r
cephalothin	cefalotinsalt	synonym	amr_r
cephalothin	cefalotinum	synonym	amr_r
cephalothin	cemastin	synonym	amr_r
cephalothin	cephal	abbreviation	amr_r
cephalothin	cephalothinsalt	synonym	amr_r
cephalothin	cephalothinum	synonym	amr_r
cephalothin	cephalotin	synonym	amr_r
cephalothin	cephalotinsalt	synonym	amr_r
cephalothin	ceporacin	synonym	amr_r
cephalothin	cepovenin	synonym	amr_r
cephalothin	cfal	abbreviation	amr_r
cephalothin	cflt	abbreviation	amr_r
cephalothin	coaxin	synonym	amr_r
cephalothin	keflin	synonym	amr_r
cephalothin	lospoven	synonym	amr_r
cephalothin	microtin	synonym	amr_r
cephalothin	seffin	synonym	amr_r
cephalothin	synclotin	synonym	amr_r
cephalothin	toricelocin	synonym	amr_r
chloramphenicol	CHL	card_abbreviation	card
chloramphenicol	alficetyn	synonym	amr_r
chloramphenicol	ambofen	synonym	amr_r
chloramphenicol	amphicol	synonym	amr_r
chloramphenicol	amseclor	synonym	amr_r
chloramphenicol	anacetin	synonym	amr_r
chloramphenicol	aquamycetin	synonym	amr_r
chloramphenicol	austracil	synonym	amr_r
chloramphenicol	austracol	synonym	amr_r
chloramphenicol	biocetin	synonym	amr_r
chloramphenicol	biophenicol	synonym	amr_r
chloramphenicol	c	abbreviation	amr_r
chloramphenicol	catilan	synonym	amr_r
chloramphenicol	chemicetin	synonym	amr_r
chloramphenicol	chemicetina	synonym	amr_r
chloramphenicol	chl	abbreviation	amr_r
chloramphenicol	chlo	abbreviation	amr_r
chloramphenicol	chlomin	synonym	amr_r
chloramphenicol	chlomycol	synonym	amr_r
chloramphenicol	chlora	abbreviation	amr_r
chloramphenicol	chloramex	synonym	amr_r
chloramphenicol	chloramfenikol	synonym	amr_r
chloramphenicol	chloramficin	synonym	amr_r
chloramphenicol	chloramfilin	synonym	amr_r
chloramphenicol	chloramphenicole	synonym	amr_r
chloramphenicol	chloramphenicolum	synonym	amr_r
chloramphenicol	chloramsaar	synonym	amr_r
chloramphenicol	chlorasol	synonym	amr_r
chloramphenicol	chlorbiotic	synonym	amr_r
chloramphenicol	chloricol	synonym	amr_r
chloramphenicol	chlornitromycin	synonym	amr_r
chloramphenicol	chloroamphenicol	synonym	amr_r
chloramphenicol	chlorocaps	synonym	amr_r
chloramphenicol	chlorocid	synonym	amr_r
chloramphenicol	chlorocide	synonym	amr_r
chloramphenicol	chlorocin	synonym	amr_r
chloramphenicol	chlorocol	synonym	amr_r
chloramphenicol	chlorofair	synonym	amr_r
chloramphenicol	chloromax	synonym	amr_r
chloramphenicol	chloromycetin	synonym	amr_r
chloramphenicol	chloromycetny	synonym	amr_r
chloramphenicol	chloromyxin	synonym	amr_r
chloramphenicol	chloronitrin	synonym	amr_r
chloramphenicol	chloroptic	synonym	amr_r
chloramphenicol	chlorovules	synonym	amr_r
chloramphenicol	cidocetine	synonym	amr_r
chloramphenicol	ciplamycetin	synonym	amr_r
chloramphenicol	cl	abbreviation	amr_r
chloramphenicol	cloramfen	synonym	amr_r
chloramphenicol	cloramfenicol	synonym	amr_r
chloramphenicol	cloramfenicolo	synonym	amr_r
chloramphenicol	cloramficin	synonym	amr_r
chloramphenicol	cloramicol	synonym	amr_r
chloramphenicol	cloramidina	synonym	amr_r
chloramphenicol	cloranfenicol	synonym	amr_r
chloramphenicol	cloroamfenicolo	synonym	amr_r
chloramphenicol	clorocyn	synonym	amr_r
chloramphenicol	cloromisan	synonym	amr_r
chloramphenicol	clorosintex	synonym	amr_r
chloramphenicol	comycetin	synonym	amr_r
chloramphenicol	cylphenicol	synonym	amr_r
chloramphenicol	desphen	synonym	amr_r
chloramphenicol	detreomycin	synonym	amr_r
chloramphenicol	detreomycine	synonym	amr_r
chloramphenicol	dextramycin	synonym	amr_r
chloramphenicol	dextromycetin	synonym	amr_r
chloramphenicol	doctamicina	synonym	amr_r
chloramphenicol	econochlor	synonym	amr_r
chloramphenicol	embacetin	synonym	amr_r
chloramphenicol	emetren	synonym	amr_r
chloramphenicol	enteromycetin	synonym	amr_r
chloramphenicol	erbaplast	synonym	amr_r
chloramphenicol	ertilen	synonym	amr_r
chloramphenicol	farmicetina	synonym	amr_r
chloramphenicol	globenicol	synonym	amr_r
chloramphenicol	glorous	synonym	amr_r
chloramphenicol	gloveticol	synonym	amr_r
chloramphenicol	halcetin	synonym	amr_r
chloramphenicol	halomycetin	synonym	amr_r
chloramphenicol	hortfenicol	synonym	amr_r
chloramphenicol	intramycetin	synonym	amr_r
chloramphenicol	isicetin	synonym	amr_r
chloramphenicol	ismicetina	synonym	amr_r
chloramphenicol	isophenicol	synonym	amr_r
chloramphenicol	juvamycetin	synonym	amr_r
chloramphenicol	kamaver	synonym	amr_r
chloramphenicol	kemicetina	synonym	amr_r
chloramphenicol	kemicetine	synonym	amr_r
chloramphenicol	kloramfenikol	synonym	amr_r
chloramphenicol	klorita	synonym	amr_r
chloramphenicol	laevomycetinum	synonym	amr_r
chloramphenicol	leukamycin	synonym	amr_r
chloramphenicol	leukomyan	synonym	amr_r
chloramphenicol	leukomycin	synonym	amr_r
chloramphenicol	levocin	synonym	amr_r
chloramphenicol	levomicetina	synonym	amr_r
chloramphenicol	levomitsetin	synonym	amr_r
chloramphenicol	levomycetin	synonym	amr_r
chloramphenicol	levoplast	synonym	amr_r
chloramphenicol	levosin	synonym	amr_r
chloramphenicol	levovetin	synonym	amr_r
chloramphenicol	loromisan	synonym	amr_r
chloramphenicol	loromisin	synonym	amr_r
chloramphenicol	mastiphen	synonym	amr_r
chloramphenicol	maybridge	synonym	amr_r
chloramphenicol	mediamycetine	synonym	amr_r
chloramphenicol	medichol	synonym	amr_r
chloramphenicol	micloretin	synonym	amr_r
chloramphenicol	micochlorine	synonym	amr_r
chloramphenicol	micoclorina	synonym	amr_r
chloramphenicol	microcetina	synonym	amr_r
chloramphenicol	mychel	synonym	amr_r
chloramphenicol	mycinol	synonym	amr_r
chloramphenicol	myclocin	synonym	amr_r
chloramphenicol	mycochlorin	synonym	amr_r
chloramphenicol	novochlorocap	synonym	amr_r
chloramphenicol	novomycetin	synonym	amr_r
chloramphenicol	novophenicol	synonym	amr_r
chloramphenicol	ocuphenicol	synonym	amr_r
chloramphenicol	oftalent	synonym	amr_r
chloramphenicol	oleomycetin	synonym	amr_r
chloramphenicol	opclor	synonym	amr_r
chloramphenicol	opelor	synonym	amr_r
chloramphenicol	ophthochlor	synonym	amr_r
chloramphenicol	ophthocort	synonym	amr_r
chloramphenicol	ophtochlor	synonym	amr_r
chloramphenicol	optomycin	synonym	amr_r
chloramphenicol	otachron	synonym	amr_r
chloramphenicol	otophen	synonym	amr_r
chloramphenicol	pantovernil	synonym	amr_r
chloramphenicol	paraxin	synonym	amr_r
chloramphenicol	pentamycetin	synonym	amr_r
chloramphenicol	petnamycetin	synonym	amr_r
chloramphenicol	quemicetina	synonym	amr_r
chloramphenicol	rivomycin	synonym	amr_r
chloramphenicol	romphenil	synonym	amr_r
chloramphenicol	ronphenil	synonym	amr_r
chloramphenicol	septicol	synonym	amr_r
chloramphenicol	sificetina	synonym	amr_r
chloramphenicol	sintomicetin	synonym	amr_r
chloramphenicol	sintomicetina	synonym	amr_r
chloramphenicol	soluthor	synonym	amr_r
chloramphenicol	stanomycetin	synonym	amr_r
chloramphenicol	synthomycetin	synonym	amr_r
chloramphenicol	synthomycetine	synonym	amr_r
chloramphenicol	synthomycine	synonym	amr_r
chloramphenicol	syntomycin	synonym	amr_r
chloramphenicol	tevcocin	synonym	amr_r
chloramphenicol	tevcosin	synonym	amr_r
chloramphenicol	tifomycin	synonym	amr_r
chloramphenicol	tifomycine	synonym	amr_r
chloramphenicol	tiromycetin	synonym	amr_r
chloramphenicol	treomicetina	synonym	amr_r
chloramphenicol	tyfomycine	synonym	amr_r
chloramphenicol	unimycetin	synonym	amr_r
chloramphenicol	veticol	synonym	amr_r
chloramphenicol	viceton	synonym	amr_r
ciprofloxacin	CIP	card_abbreviation	card
ciprofloxacin	alcipro	synonym	amr_r
ciprofloxacin	bacquinor	synonym	amr_r
ciprofloxacin	baflox	synonym	amr_r
ciprofloxacin	belmacina	synonym	amr_r
ciprofloxacin	bernoflox	synonym	amr_r
ciprofloxacin	catex	synonym	amr_r
ciprofloxacin	cenin	synonym	amr_r
ciprofloxacin	ceprimax	synonym	amr_r
ciprofloxacin	cetraxal	synonym	amr_r
ciprofloxacin	ci	abbreviation	amr_r
ciprofloxacin	ciflan	synonym	amr_r
ciprofloxacin	ciflosin	synonym	amr_r
ciprofloxacin	cifloxin	synonym	amr_r
ciprofloxacin	cilab	synonym	amr_r
ciprofloxacin	cilox	synonym	amr_r
ciprofloxacin	ciloxan	synonym	amr_r
ciprofloxacin	cip	abbreviation	amr_r
ciprofloxacin	cipad	synonym	amr_r
ciprofloxacin	ciplus	synonym	amr_r
ciprofloxacin	cipr	abbreviation	amr_r
ciprofloxacin	ciprecu	synonym	amr_r
ciprofloxacin	ciprenit	synonym	amr_r
ciprofloxacin	ciprine	synonym	amr_r
ciprofloxacin	ciprinol	synonym	amr_r
ciprofloxacin	cipro	synonym	amr_r
ciprofloxacin	ciprobay	synonym	amr_r
ciprofloxacin	ciprocinal	synonym	amr_r
ciprofloxacin	ciprocinol	synonym	amr_r
ciprofloxacin	ciprodar	synonym	amr_r
ciprofloxacin	ciprof	abbreviation	amr_r
ciprofloxacin	ciproflox	synonym	amr_r
ciprofloxacin	ciprofloxacina	synonym	amr_r
ciprofloxacin	ciprofloxacine	synonym	amr_r
ciprofloxacin	ciprofloxacino	synonym	amr_r
ciprofloxacin	ciprofloxacinum	synonym	amr_r
ciprofloxacin	ciprofur	synonym	amr_r
ciprofloxacin	ciprogis	synonym	amr_r
ciprofloxacin	ciproktan	synonym	amr_r
ciprofloxacin	ciprolin	synonym	amr_r
ciprofloxacin	ciprolon	synonym	amr_r
ciprofloxacin	cipromycin	synonym	amr_r
ciprofloxacin	cipronex	synonym	amr_r
ciprofloxacin	ciprooxacin	synonym	amr_r
ciprofloxacin	cipropol	synonym	amr_r
ciprofloxacin	ciproquinol	synonym	amr_r
ciprofloxacin	ciprowin	synonym	amr_r
ciprofloxacin	ciproxan	synonym	amr_r
ciprofloxacin	ciproxin	synonym	amr_r
ciprofloxacin	ciproxina	synonym	amr_r
ciprofloxacin	ciproxine	synonym	amr_r
ciprofloxacin	ciriax	synonym	amr_r
ciprofloxacin	citeral	synonym	amr_r
ciprofloxacin	citopcin	synonym	amr_r
ciprofloxacin	cixan	synonym	amr_r
ciprofloxacin	corsacin	synonym	amr_r
ciprofloxacin	cp	abbreviation	amr_r
ciprofloxacin	cunesin	synonym	amr_r
ciprofloxacin	cycin	synonym	amr_r
ciprofloxacin	cyprobay	synonym	amr_r
ciprofloxacin	cyproxan	synonym	amr_r
ciprofloxacin	disfabac	synonym	amr_r
ciprofloxacin	felixene	synonym	amr_r
ciprofloxacin	fimoflox	synonym	amr_r
ciprofloxacin	flociprin	synonym	amr_r
ciprofloxacin	floxacipron	synonym	amr_r
ciprofloxacin	flunas	synonym	amr_r
ciprofloxacin	globuce	synonym	amr_r
ciprofloxacin	inkamil	synonym	amr_r
ciprofloxacin	ipiflox	synonym	amr_r
ciprofloxacin	italnik	synonym	amr_r
ciprofloxacin	keefloxin	synonym	amr_r
ciprofloxacin	linhaliq	synonym	amr_r
ciprofloxacin	loxacid	synonym	amr_r
ciprofloxacin	loxan	synonym	amr_r
ciprofloxacin	lypro	synonym	amr_r
ciprofloxacin	megaflox	synonym	amr_r
ciprofloxacin	microgan	synonym	amr_r
ciprofloxacin	nixin	synonym	amr_r
ciprofloxacin	novidat	synonym	amr_r
ciprofloxacin	novoquin	synonym	amr_r
ciprofloxacin	ofitin	synonym	amr_r
ciprofloxacin	oftacilox	synonym	amr_r
ciprofloxacin	ophaflox	synonym	amr_r
ciprofloxacin	otiprio	synonym	amr_r
ciprofloxacin	phaproxin	synonym	amr_r
ciprofloxacin	piprol	synonym	amr_r
ciprofloxacin	plenolyt	synonym	amr_r
ciprofloxacin	probiox	synonym	amr_r
ciprofloxacin	proflaxin	synonym	amr_r
ciprofloxacin	proksi	synonym	amr_r
ciprofloxacin	proquin	synonym	amr_r
ciprofloxacin	proxacin	synonym	amr_r
ciprofloxacin	quinoflox	synonym	amr_r
ciprofloxacin	quinolid	synonym	amr_r
ciprofloxacin	quintor	synonym	amr_r
ciprofloxacin	quipro	synonym	amr_r
ciprofloxacin	rancif	synonym	amr_r
ciprofloxacin	renator	synonym	amr_r
ciprofloxacin	roflazin	synonym	amr_r
ciprofloxacin	roxytal	synonym	amr_r
ciprofloxacin	sepcen	synonym	amr_r
ciprofloxacin	septicide	synonym	amr_r
ciprofloxacin	septocipro	synonym	amr_r
ciprofloxacin	siprogut	synonym	amr_r
ciprofloxacin	sophixin	synonym	amr_r
ciprofloxacin	spitacin	synonym	amr_r
ciprofloxacin	strox	synonym	amr_r
ciprofloxacin	suiflox	synonym	amr_r
ciprofloxacin	superocin	synonym	amr_r
ciprofloxacin	supraflox	synonym	amr_r
ciprofloxacin	uritent	synonym	amr_r
ciprofloxacin	utiminx	synonym	amr_r
ciprofloxacin	velmonit	synonym	amr_r
ciprofloxacin	zumaflox	synonym	amr_r
clarithromycin	CLR	card_abbreviation	card
clarithromycin	abbotic	synonym	amr_r
clarithromycin	abboticine	synonym	amr_r
clarithromycin	astromen	synonym	amr_r
clarithromycin	biaxin	synonym	amr_r
clarithromycin	bicrolid	synonym	amr_r
clarithromycin	bristamycin	synonym	amr_r
clarithromycin	ch	abbreviation	amr_r
clarithromycin	cla	abbreviation	amr_r
clarithromycin	clacee	synonym	amr_r
clarithromycin	clacid	synonym	amr_r
clarithromycin	clacine	synonym	amr_r
clarithromycin	clambiotic	synonym	amr_r
clarithromycin	clar	abbreviation	amr_r
clarithromycin	clarem	synonym	amr_r
clarithromycin	claribid	synonym	amr_r
clarithromycin	claricide	synonym	amr_r
clarithromycin	claridar	synonym	amr_r
clarithromycin	claripen	synonym	amr_r
clarithromycin	clarith	synonym	amr_r
clarithromycin	clarithromycine	synonym	amr_r
clarithromycin	clarithromycinum	synonym	amr_r
clarithromycin	claritromicina	synonym	amr_r
clarithromycin	clarosip	synonym	amr_r
clarithromycin	claryt	abbreviation	amr_r
clarithromycin	clathromycin	synonym	amr_r
clarithromycin	clm	abbreviation	amr_r
clarithromycin	clr	abbreviation	amr_r
clarithromycin	crixan	synonym	amr_r
clarithromycin	cyllid	synonym	amr_r
clarithromycin	cyllind	synonym	amr_r
clarithromycin	eratrex	synonym	amr_r
clarithromycin	esinol	synonym	amr_r
clarithromycin	fromilid	synonym	amr_r
clarithromycin	gallimycin	synonym	amr_r
clarithromycin	helas	synonym	amr_r
clarithromycin	heliclar	synonym	amr_r
clarithromycin	klabax	synonym	amr_r
clarithromycin	klacid	synonym	amr_r
clarithromycin	klaciped	synonym	amr_r
clarithromycin	klaricid	synonym	amr_r
clarithromycin	klarid	synonym	amr_r
clarithromycin	klarin	synonym	amr_r
clarithromycin	kofron	synonym	amr_r
clarithromycin	mabicrol	synonym	amr_r
clarithromycin	macladin	synonym	amr_r
clarithromycin	maclar	synonym	amr_r
clarithromycin	mavid	synonym	amr_r
clarithromycin	meberyt	synonym	amr_r
clarithromycin	pediamycin	synonym	amr_r
clarithromycin	qidmycin	synonym	amr_r
clarithromycin	veclam	synonym	amr_r
clarithromycin	wyamycin	synonym	amr_r
clarithromycin	zeclar	synonym	amr_r
clavulanic acid	amonate	synonym	amr_r
clavulanic acid	clavulanate	synonym	amr_r
clavulanic acid	clavulanateacid	synonym	amr_r
clavulanic acid	clavulansaeure	synonym	amr_r
clavulanic acid	clavulansaure	synonym	amr_r
clavulanic acid	clavulox	synonym	amr_r
clavulanic acid	serdaxin	synonym	amr_r
clindamycin	CLI	card_abbreviation	card
clindamycin	antirobe	synonym	amr_r
clindamycin	cc	abbreviation	amr_r
clindamycin	cd	abbreviation	amr_r
clindamycin	chlolincocin	synonym	amr_r
clindamycin	chlorlincocin	synonym	amr_r
clindamycin	cleocin	synonym	amr_r
clindamycin	cli	abbreviation	amr_r
clindamycin	clin	abbreviation	amr_r
clindamycin	clin32	abbreviation	amr_r
clindamycin	clinda	abbreviation	amr_r
clindamycin	clindamicina	synonym	amr_r
clindamycin	clindamycine	synonym	amr_r
clindamycin	clindamycinum	synonym	amr_r
clindamycin	clinimycin	synonym	amr_r
clindamycin	clinsol	synonym	amr_r
clindamycin	clintabs	synonym	amr_r
clindamycin	cm	abbreviation	amr_r
clindamycin	da	abbreviation	amr_r
clindamycin	dalacine	synonym	amr_r
clindamycin	klimicin	synonym	amr_r
clindamycin	klindan	synonym	amr_r
clindamycin	sobelin	synonym	amr_r
clofazimine	CFZ	card_abbreviation	card
clofazimine	chlofazimine	synonym	amr_r
clofazimine	clof	abbreviation	amr_r
clofazimine	clofam	abbreviation	amr_r
clofazimine	clofazimina	synonym	amr_r
clofazimine	clofaziminum	synonym	amr_r
clofazimine	colfazimine	synonym	amr_r
clofazimine	lampren	synonym	amr_r
clofazimine	lamprene	synonym	amr_r
clofazimine	phenazine	synonym	amr_r
clofazimine	riminophenazine	synonym	amr_r
colistin	CST	card_abbreviation	card
colistin	cl	abbreviation	amr_r
colistin	coli	abbreviation	amr_r
colistin	colimycin	synonym	amr_r
colistin	colist	abbreviation	amr_r
colistin	colisticin	synonym	amr_r
colistin	colisticina	synonym	amr_r
colistin	colistina	synonym	amr_r
colistin	colistine	synonym	amr_r
colistin	colistinum	synonym	amr_r
colistin	colobreathe	synonym	amr_r
colistin	colomycin	synonym	amr_r
colistin	cs	abbreviation	amr_r
colistin	cst	abbreviation	amr_r
colistin	ct	abbreviation	amr_r
colistin	kangdisu	synonym	amr_r
colistin	kolimitsin	synonym	amr_r
colistin	kolimycin	synonym	amr_r
colistin	promixin	synonym	amr_r
colistin	sogecoli	synonym	amr_r
colistin	totazina	synonym	amr_r
d-cycloserine	DCS	card_abbreviation	card
dapsone	DAO	card_abbreviation	card
dapsone	aczone	synonym	amr_r
dapsone	atrisone	synonym	amr_r
dapsone	avlosulfon	synonym	amr_r
dapsone	avlosulfone	synonym	amr_r
dapsone	avlosulphone	synonym	amr_r
dapsone	benzenamide	synonym	amr_r
dapsone	benzenamine	synonym	amr_r
dapsone	bissulfone	synonym	amr_r
dapsone	bissulphone	synonym	amr_r
dapsone	croysulfone	synonym	amr_r
dapsone	croysulphone	synonym	amr_r
dapsone	dao	abbreviation	amr_r
dapsone	dapson	synonym	amr_r
dapsone	dapsona	synonym	amr_r
dapsone	dapsonum	synonym	amr_r
dapsone	daspone	synonym	amr_r
dapsone	diaphenylsulfon	synonym	amr_r
dapsone	diaphenylsulfone	synonym	amr_r
dapsone	diaphenylsulphon	synonym	amr_r
dapsone	diaphenylsulphone	synonym	amr_r
dapsone	diphenasone	synonym	amr_r
dapsone	diphone	synonym	amr_r
dapsone	disulfone	synonym	amr_r
dapsone	disulone	synonym	amr_r
dapsone	disulphone	synonym	amr_r
dapsone	dubronax	synonym	amr_r
dapsone	dumitone	synonym	amr_r
dapsone	eporal	synonym	amr_r
dapsone	medapsol	synonym	amr_r
dapsone	novophone	synonym	amr_r
dapsone	servidapson	synonym	amr_r
dapsone	sulfadione	synonym	amr_r
dapsone	sulfona	synonym	amr_r
dapsone	sulfonyldianiline	synonym	amr_r
dapsone	sulphadione	synonym	amr_r
dapsone	sulphonyldianiline	synonym	amr_r
dapsone	tarimyl	synonym	amr_r
dapsone	udolac	synonym	amr_r
dapsone	undolac	synonym	amr_r
daptomycin	DAP	card_abbreviation	card
daptomycin	cidecin	synonym	amr_r
daptomycin	cubicin	synonym	amr_r
daptomycin	dap	abbreviation	amr_r
daptomycin	dapcin	synonym	amr_r
daptomycin	dapt	abbreviation	amr_r
daptomycin	dapt25	abbreviation	amr_r
daptomycin	dapt50	abbreviation	amr_r
daptomycin	daptom	abbreviation	amr_r
daptomycin	daptomicina	synonym	amr_r
daptomycin	daptomycine	synonym	amr_r
daptomycin	daptomycinum	synonym	amr_r
daptomycin	deptomycin	synonym	amr_r
delamanid	DLM	card_abbreviation	card
delamanid	dela	abbreviation	amr_r
delamanid	deltyba	synonym	amr_r
dibekacin	debecacin	synonym	amr_r
dibekacin	dibeka	abbreviation	amr_r
dibekacin	dibekacina	synonym	amr_r
dibekacin	dibekacine	synonym	amr_r
dibekacin	dibekacinum	synonym	amr_r
dibekacin	kappati	synonym	amr_r
dibekacin	panamicin	synonym	amr_r
doxycycline	abbocin	synonym	amr_r
doxycycline	alamycin	synonym	amr_r
doxycycline	aquacycline	synonym	amr_r
doxycycline	biosolvomycin	synonym	amr_r
doxycycline	biotet	synonym	amr_r
doxycycline	bisolvomycin	synonym	amr_r
doxycycline	chrysocin	synonym	amr_r
doxycycline	dalimycin	synonym	amr_r
doxycycline	dalinmycin	synonym	amr_r
doxycycline	deoxymykoin	synonym	amr_r
doxycycline	dossiciclina	synonym	amr_r
doxycycline	dox	abbreviation	amr_r
doxycycline	doxiciclina	synonym	amr_r
doxycycline	doxirobe	synonym	amr_r
doxycycline	doxitard	synonym	amr_r
doxycycline	doxivetin	synonym	amr_r
doxycycline	doxy	abbreviation	amr_r
doxycycline	doxycen	synonym	amr_r
doxycycline	doxychel	synonym	amr_r
doxycycline	doxycin	synonym	amr_r
doxycycline	doxycy	abbreviation	amr_r
doxycycline	doxycyclin	synonym	amr_r
doxycycline	doxycyclinum	synonym	amr_r
doxycycline	doxylin	synonym	amr_r
doxycycline	doxysol	synonym	amr_r
doxycycline	doxytetracycline	synonym	amr_r
doxycycline	elinton	synonym	amr_r
doxycycline	engemycin	synonym	amr_r
doxycycline	hydrocyclin	synonym	amr_r
doxycycline	imperacin	synonym	amr_r
doxycycline	intaloxin	synonym	amr_r
doxycycline	investin	synonym	amr_r
doxycycline	jenacyclin	synonym	amr_r
doxycycline	liquachel	synonym	amr_r
doxycycline	liviatin	synonym	amr_r
doxycycline	macodyn	synonym	amr_r
doxycycline	mepatar	synonym	amr_r
doxycycline	microdox	synonym	amr_r
doxycycline	mondoxyne	synonym	amr_r
doxycycline	monodox	synonym	amr_r
doxycycline	morgidox	synonym	amr_r
doxycycline	ocudox	synonym	amr_r
doxycycline	okebo	synonym	amr_r
doxycycline	oracea	synonym	amr_r
doxycycline	otetryn	synonym	amr_r
doxycycline	oxacycline	synonym	amr_r
doxycycline	oxamycen	synonym	amr_r
doxycycline	oxatet	synonym	amr_r
doxycycline	oxlopar	synonym	amr_r
doxycycline	oxybiocycline	synonym	amr_r
doxycycline	oxydon	synonym	amr_r
doxycycline	oxyject	synonym	amr_r
doxycycline	oxymykoin	synonym	amr_r
doxycycline	oxysteclin	synonym	amr_r
doxycycline	oxytet	synonym	amr_r
doxycycline	oxytetral	synonym	amr_r
doxycycline	oxytetrin	synonym	amr_r
doxycycline	oxytracyl	synonym	amr_r
doxycycline	oxyvet	synonym	amr_r
doxycycline	stecsolin	synonym	amr_r
doxycycline	supracyclin	synonym	amr_r
doxycycline	terraject	synonym	amr_r
doxycycline	terramycin	synonym	amr_r
doxycycline	toxinal	synonym	amr_r
doxycycline	unimycin	synonym	amr_r
doxycycline	vendarcin	synonym	amr_r
doxycycline	vibramycin	synonym	amr_r
doxycycline	vibramycine	synonym	amr_r
doxycycline	vivox	synonym	amr_r
doxycycline	zenavod	synonym	amr_r
edeine	EDN	card_abbreviation	card
efflux	effflux pump	abbreviation	amr_r
elfamycin	ELF	card_abbreviation	card
enacyloxin iia	ENC	card_abbreviation	card
enrofloxacin	ENR	card_abbreviation	card
enrofloxacin	baytril	synonym	amr_r
enrofloxacin	enrofl	abbreviation	amr_r
enrofloxacin	enroflox	synonym	amr_r
enrofloxacin	enrofloxacine	synonym	amr_r
enrofloxacin	enrofloxacino	synonym	amr_r
enrofloxacin	enrofloxacinum	synonym	amr_r
enrofloxacin	enroquin	synonym	amr_r
enrofloxacin	enrosite	synonym	amr_r
enrofloxacin	enroxil	synonym	amr_r
enrofloxacin	quellaxcin	synonym	amr_r
enrofloxacin	tenotryl	synonym	amr_r
enrofloxacin	zobuxa	synonym	amr_r
ertapenem	erta	abbreviation	amr_r
ertapenem	ertape	abbreviation	amr_r
ertapenem	ertapenemsalt	synonym	amr_r
ertapenem	etp	abbreviation	amr_r
ertapenem	invanz	synonym	amr_r
erythromycin	ERY	card_abbreviation	card
erythromycin	abboticin	synonym	amr_r
erythromycin	abomacetin	synonym	amr_r
erythromycin	acneryne	synonym	amr_r
erythromycin	acnesol	synonym	amr_r
erythromycin	aknemycin	synonym	amr_r
erythromycin	aknin	synonym	amr_r
erythromycin	benzamycin	synonym	amr_r
erythromycin	derimer	synonym	amr_r
erythromycin	deripil	synonym	amr_r
erythromycin	dotycin	synonym	amr_r
erythromycin	dumotrycin	synonym	amr_r
erythromycin	e	abbreviation	amr_r
erythromycin	em	abbreviation	amr_r
erythromycin	emgel	synonym	amr_r
erythromycin	emuvin	synonym	amr_r
erythromycin	emycin	synonym	amr_r
erythromycin	endoeritrin	synonym	amr_r
erythromycin	erecin	synonym	amr_r
erythromycin	erisone	synonym	amr_r
erythromycin	eritomicina	synonym	amr_r
erythromycin	eritrocina	synonym	amr_r
erythromycin	eritromicina	synonym	amr_r
erythromycin	ermycin	synonym	amr_r
erythromycin	ery	abbreviation	amr_r
erythromycin	ery32	abbreviation	amr_r
erythromycin	eryacne	synonym	amr_r
erythromycin	eryacnen	synonym	amr_r
erythromycin	erycen	synonym	amr_r
erythromycin	erycette	synonym	amr_r
erythromycin	erycinum	synonym	amr_r
erythromycin	eryderm	synonym	amr_r
erythromycin	erydermer	synonym	amr_r
erythromycin	erygel	synonym	amr_r
erythromycin	eryhexal	synonym	amr_r
erythromycin	erymax	synonym	amr_r
erythromycin	erymed	synonym	amr_r
erythromycin	erysafe	synonym	amr_r
erythromycin	eryt	abbreviation	amr_r
erythromycin	erytab	synonym	amr_r
erythromycin	eryth	abbreviation	amr_r
erythromycin	erythro	synonym	amr_r
erythromycin	erythroderm	synonym	amr_r
erythromycin	erythrogran	synonym	amr_r
erythromycin	erythroguent	synonym	amr_r
erythromycin	erythromast	synonym	amr_r
erythromycin	erythromid	synonym	amr_r
erythromycin	erythromycine	synonym	amr_r
erythromycin	erythromycinum	synonym	amr_r
erythromycin	erytop	synonym	amr_r
erythromycin	erytrociclin	synonym	amr_r
erythromycin	ilocaps	synonym	amr_r
erythromycin	ilosone	synonym	amr_r
erythromycin	iloticina	synonym	amr_r
erythromycin	ilotycin	synonym	amr_r
erythromycin	inderm	synonym	amr_r
erythromycin	latotryd	synonym	amr_r
erythromycin	lederpax	synonym	amr_r
erythromycin	mephamycin	synonym	amr_r
erythromycin	mercina	synonym	amr_r
erythromycin	oftamolets	synonym	amr_r
erythromycin	pantoderm	synonym	amr_r
erythromycin	pantodrin	synonym	amr_r
erythromycin	pantomicina	synonym	amr_r
erythromycin	pharyngocin	synonym	amr_r
erythromycin	primacine	synonym	amr_r
erythromycin	propiocine	synonym	amr_r
erythromycin	proterytrin	synonym	amr_r
erythromycin	retcin	synonym	amr_r
erythromycin	robimycin	synonym	amr_r
erythromycin	sansac	synonym	amr_r
erythromycin	spotex	synonym	amr_r
erythromycin	staticin	synonym	amr_r
erythromycin	stiemicyn	synonym	amr_r
erythromycin	stiemycin	synonym	amr_r
erythromycin	tiprocin	synonym	amr_r
erythromycin	torlamicina	synonym	amr_r
erythromycin	wemid	synonym	amr_r
ethambutol	EMB	card_abbreviation	card
ethambutol	aethambutolum	synonym	amr_r
ethambutol	dadibutol	synonym	amr_r
ethambutol	diambutol	synonym	amr_r
ethambutol	emb	abbreviation	amr_r
ethambutol	etambutol	synonym	amr_r
ethambutol	etambutolo	synonym	amr_r
ethambutol	etha	abbreviation	amr_r
ethambutol	ethamb	abbreviation	amr_r
ethambutol	ethambutolum	synonym	amr_r
ethambutol	myambutol	synonym	amr_r
ethambutol	purderal	synonym	amr_r
ethambutol	servambutol	synonym	amr_r
ethambutol	tibutol	synonym	amr_r
ethambutol & capreomycin	EMCM	card_abbreviation	card
ethionamide	ETO	card_abbreviation	card
ethionamide	aethionamidum	synonym	amr_r
ethionamide	aetina	synonym	amr_r
ethionamide	aetiva	synonym	amr_r
ethionamide	amidazin	synonym	amr_r
ethionamide	amidazine	synonym	amr_r
ethionamide	atina	synonym	amr_r
ethionamide	ethi	abbreviation	amr_r
ethionamide	ethimide	synonym	amr_r
ethionamide	ethina	synonym	amr_r
ethionamide	ethinamide	synonym	amr_r
ethionamide	ethion	abbreviation	amr_r
ethionamide	ethionamidum	synonym	amr_r
ethionamide	ethioniamide	synonym	amr_r
ethionamide	ethylisothiamide	synonym	amr_r
ethionamide	ethyonomide	synonym	amr_r
ethionamide	etimid	synonym	amr_r
ethionamide	etiocidan	synonym	amr_r
ethionamide	etionamid	synonym	amr_r
ethionamide	etionamida	synonym	amr_r
ethionamide	etionamide	synonym	amr_r
ethionamide	etioniamid	synonym	amr_r
ethionamide	etionid	synonym	amr_r
ethionamide	etionizin	synonym	amr_r
ethionamide	etionizina	synonym	amr_r
ethionamide	etionizine	synonym	amr_r
ethionamide	fatoliamid	synonym	amr_r
ethionamide	iridocin	synonym	amr_r
ethionamide	iridozin	synonym	amr_r
ethionamide	isothin	synonym	amr_r
ethionamide	isotiamida	synonym	amr_r
ethionamide	itiocide	synonym	amr_r
ethionamide	nicotion	synonym	amr_r
ethionamide	nisotin	synonym	amr_r
ethionamide	nizotin	synonym	amr_r
ethionamide	rigenicid	synonym	amr_r
ethionamide	sertinon	synonym	amr_r
ethionamide	teberus	synonym	amr_r
ethionamide	thianid	synonym	amr_r
ethionamide	thianide	synonym	amr_r
ethionamide	thioamide	synonym	amr_r
ethionamide	thiodine	synonym	amr_r
ethionamide	thiomid	synonym	amr_r
ethionamide	thioniden	synonym	amr_r
ethionamide	tianid	synonym	amr_r
ethionamide	tiomid	synonym	amr_r
ethionamide	trecator	synonym	amr_r
ethionamide	trekator	synonym	amr_r
ethionamide	trescatyl	synonym	amr_r
ethionamide	trescazide	synonym	amr_r
ethionamide	tubenamide	synonym	amr_r
ethionamide	tubermin	synonym	amr_r
ethionamide	tuberoid	synonym	amr_r
ethionamide	tuberoson	synonym	amr_r
florfenicol	aquafen	synonym	amr_r
florfenicol	descocin	synonym	amr_r
florfenicol	dexawin	synonym	amr_r
florfenicol	efnicol	synonym	amr_r
florfenicol	florfe	abbreviation	amr_r
florfenicol	fricol	synonym	amr_r
florfenicol	hyrazin	synonym	amr_r
florfenicol	loncor	synonym	amr_r
florfenicol	macphenicol	synonym	amr_r
florfenicol	masatirin	synonym	amr_r
florfenicol	neomyson	synonym	amr_r
florfenicol	norfenicol	synonym	amr_r
florfenicol	nuflor	synonym	amr_r
florfenicol	racephenicol	synonym	amr_r
florfenicol	rincrol	synonym	amr_r
florfenicol	thiamcol	synonym	amr_r
florfenicol	urfamicina	synonym	amr_r
florfenicol	urophenyl	synonym	amr_r
fortimicin	Astromicin	source_name	amr_r
fortimicin	abbott	synonym	amr_r
fortimicin	astrom	abbreviation	amr_r
fortimicin	astromicina	synonym	amr_r
fortimicin	astromicine	synonym	amr_r
fortimicin	astromicinum	synonym	amr_r
fortimicin	istamycin	synonym	amr_r
fortimicin	istamycins	synonym	amr_r
fosfomycin	FOF	card_abbreviation	card
fosfomycin	ff	abbreviation	amr_r
fosfomycin	fm	abbreviation	amr_r
fosfomycin	fo	abbreviation	amr_r
fosfomycin	fof	abbreviation	amr_r
fosfomycin	fos	abbreviation	amr_r
fosfomycin	fosf	abbreviation	amr_r
fosfomycin	fosfocina	synonym	amr_r
fosfomycin	fosfom	abbreviation	amr_r
fosfomycin	fosfomicin	synonym	amr_r
fosfomycin	fosfomicina	synonym	amr_r
fosfomycin	fosfomycine	synonym	amr_r
fosfomycin	fosfomycinum	synonym	amr_r
fosfomycin	fosfonomycin	synonym	amr_r
fosfomycin	fosmyc	abbreviation	amr_r
fosfomycin	infectophos	synonym	amr_r
fosfomycin	phosphonemycin	synonym	amr_r
fosfomycin	phosphonomycin	synonym	amr_r
fosfomycin	veramina	synonym	amr_r
fusidic acid	FA	card_abbreviation	card
fusidic acid	fa	abbreviation	amr_r
fusidic acid	flucidin	synonym	amr_r
fusidic acid	fucidate	synonym	amr_r
fusidic acid	fucidina	synonym	amr_r
fusidic acid	fucidine	synonym	amr_r
fusidic acid	fucithalmic	synonym	amr_r
fusidic acid	fusaci	abbreviation	amr_r
fusidic acid	fusi	abbreviation	amr_r
fusidic acid	fusidate	synonym	amr_r
fusidic acid	fusidicacid	synonym	amr_r
fusidic acid	fusidin	synonym	amr_r
fusidic acid	fusidine	synonym	amr_r
fusidic acid	taksta	synonym	amr_r
g418	G418	card_abbreviation	card
ge2270a	GE2A	card_abbreviation	card
gentamicin	GEN	card_abbreviation	card
gentamicin	centicin	synonym	amr_r
gentamicin	cidomycin	synonym	amr_r
gentamicin	cn	abbreviation	amr_r
gentamicin	garamicin	synonym	amr_r
gentamicin	garamycin	synonym	amr_r
gentamicin	ge1000	abbreviation	amr_r
gentamicin	ge2000	abbreviation	amr_r
gentamicin	gen	abbreviation	amr_r
gentamicin	gen128	abbreviation	amr_r
gentamicin	gen500	abbreviation	amr_r
gentamicin	gent	abbreviation	amr_r
gentamicin	genta1	abbreviation	amr_r
gentamicin	gentacycol	synonym	amr_r
gentamicin	gentam	abbreviation	amr_r
gentamicin	gentamicina	synonym	amr_r
gentamicin	gentamicine	synonym	amr_r
gentamicin	gentamicins	synonym	amr_r
gentamicin	gentamicinum	synonym	amr_r
gentamicin	gentamycins	synonym	amr_r
gentamicin	gentamycinum	synonym	amr_r
gentamicin	gentocin	synonym	amr_r
gentamicin	gm	abbreviation	amr_r
gentamicin	lyramycin	synonym	amr_r
gentamicin	oksitselanim	synonym	amr_r
gentamicin	septigen	synonym	amr_r
gentamicin	septocin	synonym	amr_r
gentamicin c	GENC	card_abbreviation	card
hygromycin	antihelmycin	synonym	amr_r
hygromycin	destomysin	synonym	amr_r
hygromycin	hyanthelmix	synonym	amr_r
hygromycin	hygromix	synonym	amr_r
hygromycin	hygrovectine	synonym	amr_r
hygromycin	hygrovetine	synonym	amr_r
hygromycin b	HGM	card_abbreviation	card
hygromycin b	Hyrgomycin B	source_name	card
imipenem	IPM	card_abbreviation	card
imipenem	imci	abbreviation	amr_r
imipenem	imi	abbreviation	amr_r
imipenem	imip	abbreviation	amr_r
imipenem	imip32	abbreviation	amr_r
imipenem	imipemide	synonym	amr_r
imipenem	imipen	abbreviation	amr_r
imipenem	imipenemum	synonym	amr_r
imipenem	imipenen	synonym	amr_r
imipenem	imp	abbreviation	amr_r
imipenem	primaxin	synonym	amr_r
imipenem	recarbrio	synonym	amr_r
imipenem	tienam	synonym	amr_r
imipenem	tienamycin	synonym	amr_r
isepamicin	isepacin	synonym	amr_r
isepamicin	isepalline	synonym	amr_r
isepamicin	isepam	abbreviation	amr_r
isepamicin	isepamicina	synonym	amr_r
isepamicin	isepamicine	synonym	amr_r
isepamicin	isepamicinsulphate	synonym	amr_r
isepamicin	isepamicinum	synonym	amr_r
isoniazid	INH	card_abbreviation	card
isoniazid	abdizide	synonym	amr_r
isoniazid	acetylisoniazide	synonym	amr_r
isoniazid	andrazide	synonym	amr_r
isoniazid	anidrasona	synonym	amr_r
isoniazid	antimicina	synonym	amr_r
isoniazid	antituberkulosum	synonym	amr_r
isoniazid	armacide	synonym	amr_r
isoniazid	armazid	synonym	amr_r
isoniazid	armazide	synonym	amr_r
isoniazid	atcotibine	synonym	amr_r
isoniazid	azuren	synonym	amr_r
isoniazid	cedin	synonym	amr_r
isoniazid	cemidon	synonym	amr_r
isoniazid	chemiazid	synonym	amr_r
isoniazid	chemidon	synonym	amr_r
isoniazid	continazine	synonym	amr_r
isoniazid	cortinazine	synonym	amr_r
isoniazid	cotinazin	synonym	amr_r
isoniazid	cotinizin	synonym	amr_r
isoniazid	defonin	synonym	amr_r
isoniazid	dianicotyl	synonym	amr_r
isoniazid	dibutin	synonym	amr_r
isoniazid	diforin	synonym	amr_r
isoniazid	dinacrin	synonym	amr_r
isoniazid	dinocrin	synonym	amr_r
isoniazid	ditubin	synonym	amr_r
isoniazid	ebidene	synonym	amr_r
isoniazid	eralon	synonym	amr_r
isoniazid	ertuban	synonym	amr_r
isoniazid	eutizon	synonym	amr_r
isoniazid	evalon	synonym	amr_r
isoniazid	fetefu	synonym	amr_r
isoniazid	fimalene	synonym	amr_r
isoniazid	hidranizil	synonym	amr_r
isoniazid	hidrasonil	synonym	amr_r
isoniazid	hidrulta	synonym	amr_r
isoniazid	hidrun	synonym	amr_r
isoniazid	hycozid	synonym	amr_r
isoniazid	hydra	synonym	amr_r
isoniazid	hydrazid	synonym	amr_r
isoniazid	hyozid	synonym	amr_r
isoniazid	hyzyd	synonym	amr_r
isoniazid	idrazil	synonym	amr_r
isoniazid	inh	abbreviation	amr_r
isoniazid	inizid	synonym	amr_r
isoniazid	ipcazide	synonym	amr_r
isoniazid	iscotin	synonym	amr_r
isoniazid	isidrina	synonym	amr_r
isoniazid	ismazide	synonym	amr_r
isoniazid	isobicina	synonym	amr_r
isoniazid	isocid	synonym	amr_r
isoniazid	isocidene	synonym	amr_r
isoniazid	isocotin	synonym	amr_r
isoniazid	isohydrazide	synonym	amr_r
isoniazid	isokin	synonym	amr_r
isoniazid	isolyn	synonym	amr_r
isoniazid	isonerit	synonym	amr_r
isoniazid	isonex	synonym	amr_r
isoniazid	isonia	abbreviation	amr_r
isoniazid	isoniacid	synonym	amr_r
isoniazid	isoniazida	synonym	amr_r
isoniazid	isoniazide	synonym	amr_r
isoniazid	isoniazidum	synonym	amr_r
isoniazid	isonicazide	synonym	amr_r
isoniazid	isonicid	synonym	amr_r
isoniazid	isonico	synonym	amr_r
isoniazid	isonicotan	synonym	amr_r
isoniazid	isonicotil	synonym	amr_r
isoniazid	isonicotinhydrazid	synonym	amr_r
isoniazid	isonicotinohydrazide	synonym	amr_r
isoniazid	isonide	synonym	amr_r
isoniazid	isonidrin	synonym	amr_r
isoniazid	isonikazid	synonym	amr_r
isoniazid	isonilex	synonym	amr_r
isoniazid	isonin	synonym	amr_r
isoniazid	isonindon	synonym	amr_r
isoniazid	isonirit	synonym	amr_r
isoniazid	isoniton	synonym	amr_r
isoniazid	isonizida	synonym	amr_r
isoniazid	isonizide	synonym	amr_r
isoniazid	isotamine	synonym	amr_r
isoniazid	isotebe	synonym	amr_r
isoniazid	isotebezid	synonym	amr_r
isoniazid	isotinyl	synonym	amr_r
isoniazid	isozid	synonym	amr_r
isoniazid	isozide	synonym	amr_r
isoniazid	isozyd	synonym	amr_r
isoniazid	laniazid	synonym	amr_r
isoniazid	laniozid	synonym	amr_r
isoniazid	mayambutol	synonym	amr_r
isoniazid	mybasan	synonym	amr_r
isoniazid	neoteben	synonym	amr_r
isoniazid	neoxin	synonym	amr_r
isoniazid	neumandin	synonym	amr_r
isoniazid	nevin	synonym	amr_r
isoniazid	niadrin	synonym	amr_r
isoniazid	nicazide	synonym	amr_r
isoniazid	nicetal	synonym	amr_r
isoniazid	nicizina	synonym	amr_r
isoniazid	niconyl	synonym	amr_r
isoniazid	nicotibina	synonym	amr_r
isoniazid	nicotibine	synonym	amr_r
isoniazid	nicotisan	synonym	amr_r
isoniazid	nicozide	synonym	amr_r
isoniazid	nidaton	synonym	amr_r
isoniazid	nidrazid	synonym	amr_r
isoniazid	nikozid	synonym	amr_r
isoniazid	niplen	synonym	amr_r
isoniazid	nitadon	synonym	amr_r
isoniazid	niteban	synonym	amr_r
isoniazid	nitebannsc	synonym	amr_r
isoniazid	nydrazid	synonym	amr_r
isoniazid	nyscozid	synonym	amr_r
isoniazid	pelazid	synonym	amr_r
isoniazid	percin	synonym	amr_r
isoniazid	phthisen	synonym	amr_r
isoniazid	preparation	synonym	amr_r
isoniazid	pycazide	synonym	amr_r
isoniazid	pyreazid	synonym	amr_r
isoniazid	pyricidin	synonym	amr_r
isoniazid	pyridicin	synonym	amr_r
isoniazid	pyrizidin	synonym	amr_r
isoniazid	raumanon	synonym	amr_r
isoniazid	razide	synonym	amr_r
isoniazid	retozide	synonym	amr_r
isoniazid	rifater	synonym	amr_r
isoniazid	rimicid	synonym	amr_r
isoniazid	rimifon	synonym	amr_r
isoniazid	rimiphone	synonym	amr_r
isoniazid	rimitsid	synonym	amr_r
isoniazid	robiselin	synonym	amr_r
isoniazid	robisellin	synonym	amr_r
isoniazid	roxifen	synonym	amr_r
isoniazid	sanohidrazina	synonym	amr_r
isoniazid	sauterazid	synonym	amr_r
isoniazid	sauterzid	synonym	amr_r
isoniazid	stanozide	synonym	amr_r
isoniazid	tebecid	synonym	amr_r
isoniazid	tebenic	synonym	amr_r
isoniazid	tebexin	synonym	amr_r
isoniazid	tebilon	synonym	amr_r
isoniazid	tebos	synonym	amr_r
isoniazid	teebaconin	synonym	amr_r
isoniazid	tekazin	synonym	amr_r
isoniazid	tibazide	synonym	amr_r
isoniazid	tibemid	synonym	amr_r
isoniazid	tibiazide	synonym	amr_r
isoniazid	tibinide	synonym	amr_r
isoniazid	tibison	synonym	amr_r
isoniazid	tibivis	synonym	amr_r
isoniazid	tibizide	synonym	amr_r
isoniazid	tibusan	synonym	amr_r
isoniazid	tisin	synonym	amr_r
isoniazid	tisiodrazida	synonym	amr_r
isoniazid	tizide	synonym	amr_r
isoniazid	tubazid	synonym	amr_r
isoniazid	tubazide	synonym	amr_r
isoniazid	tubeco	synonym	amr_r
isoniazid	tubecotubercid	synonym	amr_r
isoniazid	tuberian	synonym	amr_r
isoniazid	tubicon	synonym	amr_r
isoniazid	tubilysin	synonym	amr_r
isoniazid	tubizid	synonym	amr_r
isoniazid	tubomel	synonym	amr_r
isoniazid	tyvid	synonym	amr_r
isoniazid	unicocyde	synonym	amr_r
isoniazid	unicozyde	synonym	amr_r
isoniazid	vazadrine	synonym	amr_r
isoniazid	vederon	synonym	amr_r
isoniazid	zidafimia	synonym	amr_r
isoniazid	zinadon	synonym	amr_r
isoniazid	zonazide	synonym	amr_r
kanamycin	KAN	card_abbreviation	card
kanamycin	hlk	abbreviation	amr_r
kanamycin	k	abbreviation	amr_r
kanamycin	kan	abbreviation	amr_r
kanamycin	kana	abbreviation	amr_r
kanamycin	kanamicina	synonym	amr_r
kanamycin	kanamy	abbreviation	amr_r
kanamycin	kanamycine	synonym	amr_r
kanamycin	kanamycins	synonym	amr_r
kanamycin	kanamycinum	synonym	amr_r
kanamycin	kantrex	synonym	amr_r
kanamycin	klebcil	synonym	amr_r
kanamycin	km	abbreviation	amr_r
kasugamycin	KAS	card_abbreviation	card
kasugamycin	Kasugamicin	source_name	card
kasugamycin	kasumin	synonym	amr_r
kasugamycin	kasuminl	synonym	amr_r
kirromycin	KIR	card_abbreviation	card
levofloxacin	LEV	card_abbreviation	card
levofloxacin	aeroquin	synonym	amr_r
levofloxacin	cravit	synonym	amr_r
levofloxacin	dextrofloxacin	synonym	amr_r
levofloxacin	dynaquin	synonym	amr_r
levofloxacin	elequine	synonym	amr_r
levofloxacin	iquix	synonym	amr_r
levofloxacin	le	abbreviation	amr_r
levofloxacin	lev	abbreviation	amr_r
levofloxacin	levaquin	synonym	amr_r
levofloxacin	levo	abbreviation	amr_r
levofloxacin	levofiexacin	synonym	amr_r
levofloxacin	levofl	abbreviation	amr_r
levofloxacin	levofloxacine	synonym	amr_r
levofloxacin	levofloxacino	synonym	amr_r
levofloxacin	levofloxacinum	synonym	amr_r
levofloxacin	loxof	synonym	amr_r
levofloxacin	lvx	abbreviation	amr_r
levofloxacin	ofloxcacin	synonym	amr_r
levofloxacin	oftaquix	synonym	amr_r
levofloxacin	quinsair	synonym	amr_r
levofloxacin	quixin	synonym	amr_r
levofloxacin	tavanic	synonym	amr_r
levofloxacin	unibiotic	synonym	amr_r
levofloxacin	venaxan	synonym	amr_r
lincomycin	albiotic	synonym	amr_r
lincomycin	bactramycin	synonym	amr_r
lincomycin	cillimycin	synonym	amr_r
lincomycin	frademicina	synonym	amr_r
lincomycin	jiemycin	synonym	amr_r
lincomycin	linc	abbreviation	amr_r
lincomycin	lincocin	synonym	amr_r
lincomycin	lincogap	synonym	amr_r
lincomycin	lincolcina	synonym	amr_r
lincomycin	lincolnensin	synonym	amr_r
lincomycin	lincom	abbreviation	amr_r
lincomycin	lincomicina	synonym	amr_r
lincomycin	lincomix	synonym	amr_r
lincomycin	lincomycine	synonym	amr_r
lincomycin	lincomycinum	synonym	amr_r
lincomycin	lincomyocin	synonym	amr_r
lincomycin	lincorex	synonym	amr_r
lincomycin	linocin	synonym	amr_r
lincomycin	mycivin	synonym	amr_r
linezolid	LZD	card_abbreviation	card
linezolid	desfluorolinezolid	synonym	amr_r
linezolid	line	abbreviation	amr_r
linezolid	linezo	abbreviation	amr_r
linezolid	linezoid	synonym	amr_r
linezolid	linezolidum	synonym	amr_r
linezolid	lnz	abbreviation	amr_r
linezolid	lz	abbreviation	amr_r
linezolid	lzd	abbreviation	amr_r
linezolid	zivoxid	synonym	amr_r
linezolid	zyvox	synonym	amr_r
linezolid	zyvoxa	synonym	amr_r
linezolid	zyvoxam	synonym	amr_r
linezolid	zyvoxid	synonym	amr_r
lysocin (e)	LYS	card_abbreviation	card
meropenem	mem	abbreviation	amr_r
meropenem	mer	abbreviation	amr_r
meropenem	mero	abbreviation	amr_r
meropenem	meronem	synonym	amr_r
meropenem	merope	abbreviation	amr_r
meropenem	meropen	synonym	amr_r
meropenem	meropenemum	synonym	amr_r
meropenem	merrem	synonym	amr_r
meropenem	mp	abbreviation	amr_r
meropenem	mrp	abbreviation	amr_r
meticillin	belfacillin	synonym	amr_r
meticillin	celbenin	synonym	amr_r
meticillin	celpilline	synonym	amr_r
meticillin	cinopenil	synonym	amr_r
meticillin	dimocillin	synonym	amr_r
meticillin	estafcilina	synonym	amr_r
meticillin	flabelline	synonym	amr_r
meticillin	lucopenin	synonym	amr_r
meticillin	metacillin	synonym	amr_r
meticillin	methcillin	synonym	amr_r
meticillin	methic	abbreviation	amr_r
meticillin	methicillin	synonym	amr_r
meticillin	methicillinanhydrous	synonym	amr_r
meticillin	methicillinhydrate	synonym	amr_r
meticillin	methicillinsalt	synonym	amr_r
meticillin	methicillinum	synonym	amr_r
meticillin	methycillin	synonym	amr_r
meticillin	meti	abbreviation	amr_r
meticillin	meticilina	synonym	amr_r
meticillin	meticillina	synonym	amr_r
meticillin	meticilline	synonym	amr_r
meticillin	meticillinsalt	synonym	amr_r
meticillin	meticillinum	synonym	amr_r
meticillin	penaureus	synonym	amr_r
meticillin	penysol	synonym	amr_r
meticillin	staficyn	synonym	amr_r
meticillin	staphcillin	synonym	amr_r
meticillin	synticillin	synonym	amr_r
metronidazole	MTZ	card_abbreviation	card
metronidazole	acromona	synonym	amr_r
metronidazole	anagiardil	synonym	amr_r
metronidazole	arilin	synonym	amr_r
metronidazole	atrivyl	synonym	amr_r
metronidazole	bexon	synonym	amr_r
metronidazole	clont	synonym	amr_r
metronidazole	danizol	synonym	amr_r
metronidazole	deflamon	synonym	amr_r
metronidazole	donnan	synonym	amr_r
metronidazole	efloran	synonym	amr_r
metronidazole	elyzol	synonym	amr_r
metronidazole	entizol	synonym	amr_r
metronidazole	eumin	synonym	amr_r
metronidazole	flagemona	synonym	amr_r
metronidazole	flagesol	synonym	amr_r
metronidazole	flagil	synonym	amr_r
metronidazole	flagyl	synonym	amr_r
metronidazole	flazol	synonym	amr_r
metronidazole	flegyl	synonym	amr_r
metronidazole	florazole	synonym	amr_r
metronidazole	fossyol	synonym	amr_r
metronidazole	giatricol	synonym	amr_r
metronidazole	gineflavir	synonym	amr_r
metronidazole	givagil	synonym	amr_r
metronidazole	hydroxydimetridazole	synonym	amr_r
metronidazole	hydroxymetronidazole	synonym	amr_r
metronidazole	izoklion	synonym	amr_r
metronidazole	klion	synonym	amr_r
metronidazole	klont	synonym	amr_r
metronidazole	mepagyl	synonym	amr_r
metronidazole	meronidal	synonym	amr_r
metronidazole	metr	abbreviation	amr_r
metronidazole	metric	synonym	amr_r
metronidazole	metrolag	synonym	amr_r
metronidazole	metrolyl	synonym	amr_r
metronidazole	metromidol	synonym	amr_r
metronidazole	metron	abbreviation	amr_r
metronidazole	metronidazolo	synonym	amr_r
metronidazole	metronidazolum	synonym	amr_r
metronidazole	metroplex	synonym	amr_r
metronidazole	metrotop	synonym	amr_r
metronidazole	mexibol	synonym	amr_r
metronidazole	mnz	abbreviation	amr_r
metronidazole	monagyl	synonym	amr_r
metronidazole	monasin	synonym	amr_r
metronidazole	mtz	abbreviation	amr_r
metronidazole	nalox	synonym	amr_r
metronidazole	nidagyl	synonym	amr_r
metronidazole	noritate	synonym	amr_r
metronidazole	novonidazol	synonym	amr_r
metronidazole	nuvessa	synonym	amr_r
metronidazole	orvagil	synonym	amr_r
metronidazole	polibiotic	synonym	amr_r
metronidazole	protostat	synonym	amr_r
metronidazole	rathimed	synonym	amr_r
metronidazole	rosaced	synonym	amr_r
metronidazole	rosased	synonym	amr_r
metronidazole	sanatrichom	synonym	amr_r
metronidazole	satric	synonym	amr_r
metronidazole	takimetol	synonym	amr_r
metronidazole	trichazol	synonym	amr_r
metronidazole	trichex	synonym	amr_r
metronidazole	trichobrol	synonym	amr_r
metronidazole	trichocide	synonym	amr_r
metronidazole	trichomol	synonym	amr_r
metronidazole	trichopal	synonym	amr_r
metronidazole	trichopol	synonym	amr_r
metronidazole	tricocet	synonym	amr_r
metronidazole	tricom	synonym	amr_r
metronidazole	trikacide	synonym	amr_r
metronidazole	trikamon	synonym	amr_r
metronidazole	trikhopol	synonym	amr_r
metronidazole	trikojol	synonym	amr_r
metronidazole	trikozol	synonym	amr_r
metronidazole	trimeks	synonym	amr_r
metronidazole	trivazol	synonym	amr_r
metronidazole	vagilen	synonym	amr_r
metronidazole	vagimid	synonym	amr_r
metronidazole	vandazole	synonym	amr_r
metronidazole	vertisal	synonym	amr_r
metronidazole	wagitran	synonym	amr_r
metronidazole	zadstat	synonym	amr_r
metronidazole	zidoval	synonym	amr_r
minocycline	acnez	synonym	amr_r
minocycline	arestin	synonym	amr_r
minocycline	borymycin	synonym	amr_r
minocycline	dynacin	synonym	amr_r
minocycline	lederderm	synonym	amr_r
minocycline	mc	abbreviation	amr_r
minocycline	mh	abbreviation	amr_r
minocycline	mi	abbreviation	amr_r
minocycline	min	abbreviation	amr_r
minocycline	mino	abbreviation	amr_r
minocycline	minociclina	synonym	amr_r
minocycline	minocin	synonym	amr_r
minocycline	minocline	synonym	amr_r
minocycline	minocy	abbreviation	amr_r
minocycline	minocyclin	synonym	amr_r
minocycline	minocyclinum	synonym	amr_r
minocycline	minocyn	synonym	amr_r
minocycline	minomax	synonym	amr_r
minocycline	minomycin	synonym	amr_r
minocycline	mn	abbreviation	amr_r
minocycline	mno	abbreviation	amr_r
minocycline	mynocine	synonym	amr_r
minocycline	periocline	synonym	amr_r
minocycline	solodyn	synonym	amr_r
minocycline	vectrin	synonym	amr_r
minocycline	ximino	synonym	amr_r
moxifloxacin	MXF	card_abbreviation	card
moxifloxacin	actira	synonym	amr_r
moxifloxacin	actura	synonym	amr_r
moxifloxacin	avalox	synonym	amr_r
moxifloxacin	avelox	synonym	amr_r
moxifloxacin	avolex	synonym	amr_r
moxifloxacin	izilox	synonym	amr_r
moxifloxacin	mox	abbreviation	amr_r
moxifloxacin	moxeza	synonym	amr_r
moxifloxacin	moxi	abbreviation	amr_r
moxifloxacin	moxifl	abbreviation	amr_r
moxifloxacin	moxifloxacine	synonym	amr_r
moxifloxacin	moxifloxacino	synonym	amr_r
moxifloxacin	mxf	abbreviation	amr_r
moxifloxacin	octegra	synonym	amr_r
moxifloxacin	vegamox	synonym	amr_r
moxifloxacin	vigamox	synonym	amr_r
moxifloxacin	zimoxin	synonym	amr_r
mupirocin	MUP	card_abbreviation	card
mupirocin	bactoderm	synonym	amr_r
mupirocin	bactroban	synonym	amr_r
mupirocin	centany	synonym	amr_r
mupirocin	mup	abbreviation	amr_r
mupirocin	mupi	abbreviation	amr_r
mupirocin	mupiro	abbreviation	amr_r
mupirocin	mupirocina	synonym	amr_r
mupirocin	mupirocine	synonym	amr_r
mupirocin	mupirocinum	synonym	amr_r
mupirocin	plasimine	synonym	amr_r
mupirocin	turixin	synonym	amr_r
nalidixic acid	amfonelinsaeure	synonym	amr_r
nalidixic acid	baktogram	synonym	amr_r
nalidixic acid	betaxina	synonym	amr_r
nalidixic acid	chemiurin	synonym	amr_r
nalidixic acid	cybis	synonym	amr_r
nalidixic acid	dixiben	synonym	amr_r
nalidixic acid	dixilina	synonym	amr_r
nalidixic acid	dixinal	synonym	amr_r
nalidixic acid	eucisten	synonym	amr_r
nalidixic acid	eucistin	synonym	amr_r
nalidixic acid	innoxalomn	synonym	amr_r
nalidixic acid	innoxalon	synonym	amr_r
nalidixic acid	jicsron	synonym	amr_r
nalidixic acid	kusnarin	synonym	amr_r
nalidixic acid	na	abbreviation	amr_r
nalidixic acid	nal	abbreviation	amr_r
nalidixic acid	nalac	abbreviation	amr_r
nalidixic acid	nali	abbreviation	amr_r
nalidixic acid	nalidicron	synonym	amr_r
nalidixic acid	nalidixan	synonym	amr_r
nalidixic acid	nalidixane	synonym	amr_r
nalidixic acid	nalidixate	synonym	amr_r
nalidixic acid	nalidixateanhydrous	synonym	amr_r
nalidixic acid	nalidixic	synonym	amr_r
nalidixic acid	nalidixin	synonym	amr_r
nalidixic acid	nalidixinsaure	synonym	amr_r
nalidixic acid	nalitucsan	synonym	amr_r
nalidixic acid	nalix	synonym	amr_r
nalidixic acid	nalurin	synonym	amr_r
nalidixic acid	narigix	synonym	amr_r
nalidixic acid	naxuril	synonym	amr_r
nalidixic acid	negram	synonym	amr_r
nalidixic acid	nevigramon	synonym	amr_r
nalidixic acid	nicelate	synonym	amr_r
nalidixic acid	nogram	synonym	amr_r
nalidixic acid	poleon	synonym	amr_r
nalidixic acid	sicmylon	synonym	amr_r
nalidixic acid	specifen	synonym	amr_r
nalidixic acid	specifin	synonym	amr_r
nalidixic acid	unaserus	synonym	amr_r
nalidixic acid	uralgin	synonym	amr_r
nalidixic acid	uriben	synonym	amr_r
nalidixic acid	uriclar	synonym	amr_r
nalidixic acid	urisal	synonym	amr_r
nalidixic acid	urodixin	synonym	amr_r
nalidixic acid	uroman	synonym	amr_r
nalidixic acid	uroneg	synonym	amr_r
nalidixic acid	uronidix	synonym	amr_r
nalidixic acid	uropan	synonym	amr_r
nalidixic acid	wintomylon	synonym	amr_r
nalidixic acid	wintron	synonym	amr_r
narasin	monteban	synonym	amr_r
narasin	narasi	abbreviation	amr_r
narasin	narasine	synonym	amr_r
narasin	narasino	synonym	amr_r
narasin	narasinum	synonym	amr_r
narasin	skycis	synonym	amr_r
neomycin	NEO	card_abbreviation	card
neomycin	neom	abbreviation	amr_r
neomycin	neomyc	abbreviation	amr_r
netilmicin	neti	abbreviation	amr_r
netilmicin	netillin	synonym	amr_r
netilmicin	netilm	abbreviation	amr_r
netilmicin	netilmicina	synonym	amr_r
netilmicin	netilmicine	synonym	amr_r
netilmicin	netilmicinum	synonym	amr_r
netilmicin	netilyn	synonym	amr_r
netilmicin	netira	synonym	amr_r
netilmicin	netromicine	synonym	amr_r
netilmicin	netromycin	synonym	amr_r
netilmicin	nettacin	synonym	amr_r
netilmicin	ntromicine	synonym	amr_r
netilmicin	ntromycin	synonym	amr_r
netilmicin	vectacin	synonym	amr_r
netilmicin	zetamicin	synonym	amr_r
nitrofurantoin	NIT	card_abbreviation	card
nitrofurantoin	alfuran	synonym	amr_r
nitrofurantoin	benkfuran	synonym	amr_r
nitrofurantoin	berkfuran	synonym	amr_r
nitrofurantoin	berkfurin	synonym	amr_r
nitrofurantoin	ceduran	synonym	amr_r
nitrofurantoin	chemiofuran	synonym	amr_r
nitrofurantoin	cistofuran	synonym	amr_r
nitrofurantoin	cyantin	synonym	amr_r
nitrofurantoin	cystit	synonym	amr_r
nitrofurantoin	dantafur	synonym	amr_r
nitrofurantoin	f	abbreviation	amr_r
nitrofurantoin	f/m	abbreviation	amr_r
nitrofurantoin	fd	abbreviation	amr_r
nitrofurantoin	ft	abbreviation	amr_r
nitrofurantoin	fuamed	synonym	amr_r
nitrofurantoin	furabid	synonym	amr_r
nitrofurantoin	furachel	synonym	amr_r
nitrofurantoin	furadantin	synonym	amr_r
nitrofurantoin	furadantine	synonym	amr_r
nitrofurantoin	furadantoin	synonym	amr_r
nitrofurantoin	furadoin	synonym	amr_r
nitrofurantoin	furadoine	synonym	amr_r
nitrofurantoin	furadonin	synonym	amr_r
nitrofurantoin	furadonine	synonym	amr_r
nitrofurantoin	furadoninum	synonym	amr_r
nitrofurantoin	furadontin	synonym	amr_r
nitrofurantoin	furalan	synonym	amr_r
nitrofurantoin	furaloid	synonym	amr_r
nitrofurantoin	furantoina	synonym	amr_r
nitrofurantoin	furatoin	synonym	amr_r
nitrofurantoin	furedan	synonym	amr_r
nitrofurantoin	furina	synonym	amr_r
nitrofurantoin	furobactina	synonym	amr_r
nitrofurantoin	furodantin	synonym	amr_r
nitrofurantoin	gerofuran	synonym	amr_r
nitrofurantoin	ituran	synonym	amr_r
nitrofurantoin	macpac	synonym	amr_r
nitrofurantoin	macrobid	synonym	amr_r
nitrofurantoin	macrodantin	synonym	amr_r
nitrofurantoin	macrodantina	synonym	amr_r
nitrofurantoin	macrofuran	synonym	amr_r
nitrofurantoin	macrofurin	synonym	amr_r
nitrofurantoin	ni	abbreviation	amr_r
nitrofurantoin	nierofu	synonym	amr_r
nitrofurantoin	nifuraden	synonym	amr_r
nitrofurantoin	nifuradene	synonym	amr_r
nitrofurantoin	nifuradeno	synonym	amr_r
nitrofurantoin	nifuradenum	synonym	amr_r
nitrofurantoin	nifuradine	synonym	amr_r
nitrofurantoin	nifurantin	synonym	amr_r
nitrofurantoin	nifuretten	synonym	amr_r
nitrofurantoin	nit	abbreviation	amr_r
nitrofurantoin	nit16	abbreviation	amr_r
nitrofurantoin	nitoin	synonym	amr_r
nitrofurantoin	nitr	abbreviation	amr_r
nitrofurantoin	nitrex	synonym	amr_r
nitrofurantoin	nitro	abbreviation	amr_r
nitrofurantoin	nitrofuradantin	synonym	amr_r
nitrofurantoin	nitrofurantoina	synonym	amr_r
nitrofurantoin	nitrofurantoine	synonym	amr_r
nitrofurantoin	nitrofurantoinum	synonym	amr_r
nitrofurantoin	novofuran	synonym	amr_r
nitrofurantoin	orafuran	synonym	amr_r
nitrofurantoin	oxafuradene	synonym	amr_r
nitrofurantoin	oxafurandene	synonym	amr_r
nitrofurantoin	oxifuradene	synonym	amr_r
nitrofurantoin	oxyfuradene	synonym	amr_r
nitrofurantoin	parfuran	synonym	amr_r
nitrofurantoin	phenurin	synonym	amr_r
nitrofurantoin	renafur	synonym	amr_r
nitrofurantoin	siraliden	synonym	amr_r
nitrofurantoin	trantoin	synonym	amr_r
nitrofurantoin	uerineks	synonym	amr_r
nitrofurantoin	urizept	synonym	amr_r
nitrofurantoin	urodin	synonym	amr_r
nitrofurantoin	urofuran	synonym	amr_r
nitrofurantoin	urofurin	synonym	amr_r
nitrofurantoin	urolisa	synonym	amr_r
nitrofurantoin	urolong	synonym	amr_r
nitrofurantoin	uvamin	synonym	amr_r
nitrofurantoin	welfurin	synonym	amr_r
nitrofurantoin	zoofurin	synonym	amr_r
ofloxacin	OFX	card_abbreviation	card
ofloxacin	exocin	synonym	amr_r
ofloxacin	exocine	synonym	amr_r
ofloxacin	flobacin	synonym	amr_r
ofloxacin	floxil	synonym	amr_r
ofloxacin	floxin	synonym	amr_r
ofloxacin	monoflocet	synonym	amr_r
ofloxacin	of	abbreviation	amr_r
ofloxacin	ofl	abbreviation	amr_r
ofloxacin	oflo	abbreviation	amr_r
ofloxacin	oflocet	synonym	amr_r
ofloxacin	ofloxa	abbreviation	amr_r
ofloxacin	ofloxacina	synonym	amr_r
ofloxacin	ofloxacine	synonym	amr_r
ofloxacin	ofloxacino	synonym	amr_r
ofloxacin	ofloxacinum	synonym	amr_r
ofloxacin	ofloxaxin	synonym	amr_r
ofloxacin	ofx	abbreviation	amr_r
ofloxacin	oxaldin	synonym	amr_r
ofloxacin	tarivid	synonym	amr_r
ofloxacin	visiren	synonym	amr_r
ofloxacin	zanocin	synonym	amr_r
oleandomycin	amimycin	synonym	amr_r
oleandomycin	landomycin	synonym	amr_r
oleandomycin	matromycin	synonym	amr_r
oleandomycin	oleand	abbreviation	amr_r
oleandomycin	oleandomicina	synonym	amr_r
oleandomycin	oleandomycine	synonym	amr_r
oleandomycin	oleandomycinum	synonym	amr_r
oleandomycin	romicil	synonym	amr_r
ostreogrycin	eskamicin	synonym	amr_r
ostreogrycin	linopristin	synonym	amr_r
ostreogrycin	stephylomycin	synonym	amr_r
oxazolidinone	OXZ	card_abbreviation	card
pactamycin	PAC	card_abbreviation	card
para-aminosalicylic acid	PAS	card_abbreviation	card
para-aminosalicylic acid	Para-aminosalicyclic acid	source_name	resfinder
paromomycin	PAR	card_abbreviation	card
paromomycin	aminosidin	synonym	amr_r
paromomycin	amminosidin	synonym	amr_r
paromomycin	crestomycin	synonym	amr_r
paromomycin	estomycin	synonym	amr_r
paromomycin	gabbromycin	synonym	amr_r
paromomycin	gabromycin	synonym	amr_r
paromomycin	humatin	synonym	amr_r
paromomycin	humycin	synonym	amr_r
paromomycin	hydroxymycin	synonym	amr_r
paromomycin	monomycin	synonym	amr_r
paromomycin	paramomycin	synonym	amr_r
paromomycin	paromomicina	synonym	amr_r
paromomycin	paromomycine	synonym	amr_r
paromomycin	paromomycinum	synonym	amr_r
paromomycin	paucimycin	synonym	amr_r
paromomycin	paucimycinum	synonym	amr_r
penicillin	Benzylpenicillin	source_name	amr_r
penicillin	bencilpenicilina	synonym	amr_r
penicillin	benzopenicillin	synonym	amr_r
penicillin	benzylpenicilline	synonym	amr_r
penicillin	benzylpenicillinum	synonym	amr_r
penicillin	bepe	abbreviation	amr_r
penicillin	capicillin	synonym	amr_r
penicillin	cillora	synonym	amr_r
penicillin	cilloral	synonym	amr_r
penicillin	cilopen	synonym	amr_r
penicillin	cintrisul	synonym	amr_r
penicillin	cosmopen	synonym	amr_r
penicillin	cristapen	synonym	amr_r
penicillin	crystapen	synonym	amr_r
penicillin	dropcillin	synonym	amr_r
penicillin	eskacillin	synonym	amr_r
penicillin	falapen	synonym	amr_r
penicillin	forpen	synonym	amr_r
penicillin	galofak	synonym	amr_r
penicillin	gelacillin	synonym	amr_r
penicillin	hipercilina	synonym	amr_r
penicillin	hyasorb	synonym	amr_r
penicillin	hylenta	synonym	amr_r
penicillin	lemopen	synonym	amr_r
penicillin	liquacillin	synonym	amr_r
penicillin	liquapen	synonym	amr_r
penicillin	monocillin	synonym	amr_r
penicillin	monopen	synonym	amr_r
penicillin	mycofarm	synonym	amr_r
penicillin	novocillin	synonym	amr_r
penicillin	pen	abbreviation	amr_r
penicillin	penalev	synonym	amr_r
penicillin	peni	abbreviation	amr_r
penicillin	peni g	abbreviation	amr_r
penicillin	penic8	abbreviation	amr_r
penicillin	penica	abbreviation	amr_r
penicillin	penici	abbreviation	amr_r
penicillin	penicillin g	abbreviation	amr_r
penicillin	penicillinum	synonym	amr_r
penicillin	penilaryn	synonym	amr_r
penicillin	penisem	synonym	amr_r
penicillin	penora	abbreviation	amr_r
penicillin	pentid	synonym	amr_r
penicillin	pentids	synonym	amr_r
penicillin	pfizerpen	synonym	amr_r
penicillin	pg	abbreviation	amr_r
penicillin	pharmacillin	synonym	amr_r
penicillin	pradupen	synonym	amr_r
penicillin	scotcil	synonym	amr_r
penicillin	sugracillin	synonym	amr_r
penicillin	sugracillinsalt	synonym	amr_r
penicillin	tabilin	synonym	amr_r
penicillin	ursopen	synonym	amr_r
penicillin	veticillin	synonym	amr_r
perchlozone	PCL	card_abbreviation	card
piperacillin	penmalin	synonym	amr_r
piperacillin	pentcillin	synonym	amr_r
piperacillin	peperacillin	synonym	amr_r
piperacillin	peracin	synonym	amr_r
piperacillin	pi	abbreviation	amr_r
piperacillin	pip	abbreviation	amr_r
piperacillin	pipc	abbreviation	amr_r
piperacillin	pipe	abbreviation	amr_r
piperacillin	pipera	abbreviation	amr_r
piperacillin	piperacilina	synonym	amr_r
piperacillin	piperacillina	synonym	amr_r
piperacillin	piperacilline	synonym	amr_r
piperacillin	piperacillinhydrate	synonym	amr_r
piperacillin	piperacillinum	synonym	amr_r
piperacillin	pipercillin	synonym	amr_r
piperacillin	pipracil	synonym	amr_r
piperacillin	pp	abbreviation	amr_r
piperacillin	tazocin	synonym	amr_r
piperacillin+clavulanic acid	Piperacillin+Clavulanic acid	source_name	resfinder
piperacillin+tazobactam	Piperacillin+Tazobactam	source_name	resfinder
plazomicin	zemdri	synonym	amr_r
pleuromutilin	PLM	card_abbreviation	card
pristinamycin	eskalin	synonym	amr_r
pristinamycin	micamicina	synonym	amr_r
pristinamycin	mikamycin	synonym	amr_r
pristinamycin	mikamycine	synonym	amr_r
pristinamycin	mikamycinum	synonym	amr_r
pristinamycin	ostreogricina	synonym	amr_r
pristinamycin	ostreogrycine	synonym	amr_r
pristinamycin	ostreogrycinum	synonym	amr_r
pristinamycin	pris	abbreviation	amr_r
pristinamycin	pristi	abbreviation	amr_r
pristinamycin	pristinamicina	synonym	amr_r
pristinamycin	pristinamycine	synonym	amr_r
pristinamycin	pristinamycinum	synonym	amr_r
pristinamycin	pyostacine	synonym	amr_r
pristinamycin	stafac	synonym	amr_r
pristinamycin	stafytracine	synonym	amr_r
pristinamycin	stajac	synonym	amr_r
pristinamycin	staphylomycin	synonym	amr_r
pristinamycin	stapyocine	synonym	amr_r
pristinamycin	starfac	synonym	amr_r
pristinamycin	virgimycin	synonym	amr_r
pristinamycin	virgimycine	synonym	amr_r
pristinamycin	virginiamicina	synonym	amr_r
pristinamycin	virginiamycin	synonym	amr_r
pristinamycin	virginiamycina	synonym	amr_r
pristinamycin	virginiamycinum	synonym	amr_r
prothionamide	PTO	card_abbreviation	card
prothionamide	Protionamide	source_name	amr_r
prothionamide	ektebin	synonym	amr_r
prothionamide	peteha	synonym	amr_r
prothionamide	prot	abbreviation	amr_r
prothionamide	prothionamidum	synonym	amr_r
prothionamide	protion	synonym	amr_r
prothionamide	protionamid	synonym	amr_r
prothionamide	protionamida	synonym	amr_r
prothionamide	protionamidum	synonym	amr_r
prothionamide	protionizina	synonym	amr_r
prothionamide	tebeform	synonym	amr_r
prothionamide	trevintix	synonym	amr_r
prothionamide	tuberex	synonym	amr_r
pulvomycin	PLV	card_abbreviation	card
pyrazinamide	PZA	card_abbreviation	card
pyrazinamide	aldinamid	synonym	amr_r
pyrazinamide	aldinamide	synonym	amr_r
pyrazinamide	eprazin	synonym	amr_r
pyrazinamide	farmizina	synonym	amr_r
pyrazinamide	isopas	synonym	amr_r
pyrazinamide	novamid	synonym	amr_r
pyrazinamide	pezetamid	synonym	amr_r
pyrazinamide	piraldina	synonym	amr_r
pyrazinamide	pirazimida	synonym	amr_r
pyrazinamide	pirazinamid	synonym	amr_r
pyrazinamide	pirazinamida	synonym	amr_r
pyrazinamide	pirazinamide	synonym	amr_r
pyrazinamide	pirazinecarboxamide	synonym	amr_r
pyrazinamide	pyra	abbreviation	amr_r
pyrazinamide	pyrafat	synonym	amr_r
pyrazinamide	pyrazide	synonym	amr_r
pyrazinamide	pyrazinamdie	synonym	amr_r
pyrazinamide	pyrazinamidum	synonym	amr_r
pyrazinamide	pyrazineamide	synonym	amr_r
pyrazinamide	pyrizinamide	synonym	amr_r
pyrazinamide	rifafour	synonym	amr_r
pyrazinamide	rozide	synonym	amr_r
pyrazinamide	tebrazid	synonym	amr_r
pyrazinamide	tisamid	synonym	amr_r
pyrazinamide	unipyranamide	synonym	amr_r
quinupristin+dalfopristin	Quinupristin+Dalfopristin	source_name	resfinder
retapamulin	altabax	synonym	amr_r
retapamulin	altargo	synonym	amr_r
retapamulin	rebapamulin	synonym	amr_r
retapamulin	ret	abbreviation	amr_r
retapamulin	retapamulina	synonym	amr_r
ribostamycin	exaluren	synonym	amr_r
ribostamycin	hetangmycin	synonym	amr_r
ribostamycin	ribastamin	synonym	amr_r
ribostamycin	ribostamicina	synonym	amr_r
ribostamycin	ribostamycine	synonym	amr_r
ribostamycin	ribostamycinum	synonym	amr_r
ribostamycin	vistamycin	synonym	amr_r
ribostamycin	xylostatin	synonym	amr_r
rifabutin	RFB	card_abbreviation	card
rifabutin	alfacid	synonym	amr_r
rifabutin	ansamicin	synonym	amr_r
rifabutin	ansamy	abbreviation	amr_r
rifabutin	ansamycins	synonym	amr_r
rifabutin	ansatipin	synonym	amr_r
rifabutin	ansatipine	synonym	amr_r
rifabutin	assatipin	synonym	amr_r
rifabutin	mycobutin	synonym	amr_r
rifabutin	rfb	abbreviation	amr_r
rifabutin	rifabutinum	synonym	amr_r
rifabutin	rifb	abbreviation	amr_r
rifampicin	RIF	card_abbreviation	card
rifampicin	abrifam	synonym	amr_r
rifampicin	archidyn	synonym	amr_r
rifampicin	arficin	synonym	amr_r
rifampicin	arzide	synonym	amr_r
rifampicin	benemicin	synonym	amr_r
rifampicin	doloresum	synonym	amr_r
rifampicin	eremfat	synonym	amr_r
rifampicin	famcin	synonym	amr_r
rifampicin	fenampicin	synonym	amr_r
rifampicin	rifa	abbreviation	amr_r
rifampicin	rifadin	synonym	amr_r
rifampicin	rifadine	synonym	amr_r
rifampicin	rifagen	synonym	amr_r
rifampicin	rifaldazin	synonym	amr_r
rifampicin	rifaldazine	synonym	amr_r
rifampicin	rifaldin	synonym	amr_r
rifampicin	rifam	synonym	amr_r
rifampicin	rifamor	synonym	amr_r
rifampicin	rifamp	abbreviation	amr_r
rifampicin	rifampicina	synonym	amr_r
rifampicin	rifampicine	synonym	amr_r
rifampicin	rifampicinum	synonym	amr_r
rifampicin	rifampin	synonym	amr_r
rifampicin	rifamsolin	synonym	amr_r
rifampicin	rifapiam	synonym	amr_r
rifampicin	rifaprodin	synonym	amr_r
rifampicin	rifcin	synonym	amr_r
rifampicin	rifinah	synonym	amr_r
rifampicin	rifobac	synonym	amr_r
rifampicin	rifoldin	synonym	amr_r
rifampicin	rifoldine	synonym	amr_r
rifampicin	riforal	synonym	amr_r
rifampicin	rimactan	synonym	amr_r
rifampicin	rimactane	synonym	amr_r
rifampicin	rimactazid	synonym	amr_r
rifampicin	rimactizid	synonym	amr_r
rifampicin	rimazid	synonym	amr_r
rifampicin	sinerdol	synonym	amr_r
rifampicin	tubocin	synonym	amr_r
rifamycin	aemcolo	synonym	amr_r
rifamycin	nacimycin	synonym	amr_r
rifamycin	nancimycin	synonym	amr_r
rifamycin	otofa	synonym	amr_r
rifamycin	rifamastene	synonym	amr_r
rifamycin	rifamicina	synonym	amr_r
rifamycin	rifamycine	synonym	amr_r
rifamycin	rifamycinum	synonym	amr_r
rifamycin	rifmyc	abbreviation	amr_r
rifamycin	rifocin	synonym	amr_r
rifamycin	rifocyn	synonym	amr_r
rifamycin	tuborin	synonym	amr_r
salinomycin	coxistac	synonym	amr_r
salinomycin	procoxacin	synonym	amr_r
salinomycin	salino	abbreviation	amr_r
salinomycin	salinomicina	synonym	amr_r
salinomycin	salinomycine	synonym	amr_r
salinomycin	salinomycinum	synonym	amr_r
sisomicin	rickamicin	synonym	amr_r
sisomicin	salvamina	synonym	amr_r
sisomicin	siso	abbreviation	amr_r
sisomicin	sisomicina	synonym	amr_r
sisomicin	sisomicine	synonym	amr_r
sisomicin	sisomicinum	synonym	amr_r
sisomicin	sisomin	synonym	amr_r
sisomicin	sisomy	abbreviation	amr_r
sisomicin	sisomycin	synonym	amr_r
sisomicin	sissomicin	synonym	amr_r
sisomicin	sizomycin	synonym	amr_r
spectinomycin	SPT	card_abbreviation	card
spectinomycin	actinospectacina	synonym	amr_r
spectinomycin	adspec	synonym	amr_r
spectinomycin	espectinomicina	synonym	amr_r
spectinomycin	prospec	synonym	amr_r
spectinomycin	sc	abbreviation	amr_r
spectinomycin	spe	abbreviation	amr_r
spectinomycin	spec	abbreviation	amr_r
spectinomycin	spect	abbreviation	amr_r
spectinomycin	spectam	synonym	amr_r
spectinomycin	spectinomicina	synonym	amr_r
spectinomycin	spectinomycine	synonym	amr_r
spectinomycin	spectinomycinhydrate	synonym	amr_r
spectinomycin	spectinomycinum	synonym	amr_r
spectinomycin	spectogard	synonym	amr_r
spectinomycin	spt	abbreviation	amr_r
spectinomycin	stanilo	synonym	amr_r
spectinomycin	togamycin	synonym	amr_r
spectinomycin	trobicin	synonym	amr_r
spiramycin	formacidine	synonym	amr_r
spiramycin	sipram	abbreviation	amr_r
spiramycin	spir	abbreviation	amr_r
spiramycin	spiram	abbreviation	amr_r
streptomycin	STR	card_abbreviation	card
streptomycin	agrept	synonym	amr_r
streptomycin	agrimycin	synonym	amr_r
streptomycin	chemform	synonym	amr_r
streptomycin	estreptomicina	synonym	amr_r
streptomycin	gerox	synonym	amr_r
streptomycin	neodiestreptopab	synonym	amr_r
streptomycin	s	abbreviation	amr_r
streptomycin	st1000	abbreviation	amr_r
streptomycin	st2000	abbreviation	amr_r
streptomycin	stm	abbreviation	amr_r
streptomycin	str	abbreviation	amr_r
streptomycin	stre	abbreviation	amr_r
streptomycin	strepcen	synonym	amr_r
streptomycin	strept	abbreviation	amr_r
streptomycin	streptomicina	synonym	amr_r
streptomycin	streptomycine	synonym	amr_r
streptomycin	streptomycinum	synonym	amr_r
streptomycin	streptomyzin	synonym	amr_r
sulfamethoxazole	septran	synonym	amr_r
sulfamethoxazole	septrin	synonym	amr_r
sulfamethoxazole	sfmx	abbreviation	amr_r
sulfamethoxazole	simsinomin	synonym	amr_r
sulfamethoxazole	sinomin	synonym	amr_r
sulfamethoxazole	solfametossazolo	synonym	amr_r
sulfamethoxazole	sulf	abbreviation	amr_r
sulfamethoxazole	sulfam	abbreviation	amr_r
sulfamethoxazole	sulfamethalazole	synonym	amr_r
sulfamethoxazole	sulfamethoxazolum	synonym	amr_r
sulfamethoxazole	sulfamethoxizole	synonym	amr_r
sulfamethoxazole	sulfamethylisoxazole	synonym	amr_r
sulfamethoxazole	sulfametoxazol	synonym	amr_r
sulfamethoxazole	sulfiodizole	synonym	amr_r
sulfamethoxazole	sulfisomezole	synonym	amr_r
sulfamethoxazole	sulphisomezole	synonym	amr_r
sulfamethoxazole	urobak	synonym	amr_r
sulfonamide	sfna	abbreviation	amr_r
sulfonamide	sulami	abbreviation	amr_r
taniborbactam	vnrx-5133	abbreviation	amr_r
tazobactam	exblifep	synonym	amr_r
tazobactam	tazo	abbreviation	amr_r
tazobactam	tazoba	abbreviation	amr_r
tazobactam	tazobactamsalt	synonym	amr_r
tazobactam	tazobactamum	synonym	amr_r
tazobactam	tazobactum	synonym	amr_r
tedizolid	tedi	abbreviation	amr_r
tedizolid	torezolid	synonym	amr_r
teicoplanin	tec	abbreviation	amr_r
teicoplanin	tei	abbreviation	amr_r
teicoplanin	teic	abbreviation	amr_r
teicoplanin	teicop	abbreviation	amr_r
teicoplanin	tp	abbreviation	amr_r
teicoplanin	tpl	abbreviation	amr_r
teicoplanin	tpn	abbreviation	amr_r
telithromycin	ketek	synonym	amr_r
telithromycin	levviax	synonym	amr_r
telithromycin	teli	abbreviation	amr_r
telithromycin	telith	abbreviation	amr_r
temocillin	negaban	synonym	amr_r
temocillin	temo	abbreviation	amr_r
temocillin	temoci	abbreviation	amr_r
temocillin	temocilina	synonym	amr_r
temocillin	temocillina	synonym	amr_r
temocillin	temocilline	synonym	amr_r
temocillin	temocillinum	synonym	amr_r
tetracycline	TET	card_abbreviation	card
tetracycline	abramycin	synonym	amr_r
tetracycline	abricycline	synonym	amr_r
tetracycline	agromicina	synonym	amr_r
tetracycline	ambramicina	synonym	amr_r
tetracycline	ambramycin	synonym	amr_r
tetracycline	biocycline	synonym	amr_r
tetracycline	brodspec	synonym	amr_r
tetracycline	cefracycline	synonym	amr_r
tetracycline	centet	synonym	amr_r
tetracycline	ciclibion	synonym	amr_r
tetracycline	copharlan	synonym	amr_r
tetracycline	criseociclina	synonym	amr_r
tetracycline	democracin	synonym	amr_r
tetracycline	deschlorobiomycin	synonym	amr_r
tetracycline	economycin	synonym	amr_r
tetracycline	hostacyclin	synonym	amr_r
tetracycline	lexacycline	synonym	amr_r
tetracycline	limecycline	synonym	amr_r
tetracycline	liquamycin	synonym	amr_r
tetracycline	mericycline	synonym	amr_r
tetracycline	micycline	synonym	amr_r
tetracycline	neocycline	synonym	amr_r
tetracycline	omegamycin	synonym	amr_r
tetracycline	orlycycline	synonym	amr_r
tetracycline	panmycin	synonym	amr_r
tetracycline	purocyclina	synonym	amr_r
tetracycline	roviciclina	synonym	amr_r
tetracycline	solvocin	synonym	amr_r
tetracycline	tc	abbreviation	amr_r
tetracycline	te	abbreviation	amr_r
tetracycline	tet	abbreviation	amr_r
tetracycline	tetcyc	abbreviation	amr_r
tetracycline	tetr	abbreviation	amr_r
tetracycline	tetra	abbreviation	amr_r
tetracycline	tetrabon	synonym	amr_r
tetracycline	tetraciclina	synonym	amr_r
tetracycline	tetracyclinehydrate	synonym	amr_r
tetracycline	tetracyclinum	synonym	amr_r
tetracycline	tetracyn	synonym	amr_r
tetracycline	tetradecin	synonym	amr_r
tetracycline	tetrafil	synonym	amr_r
tetracycline	tetraverine	synonym	amr_r
tetracycline	tetrazyklin	synonym	amr_r
tetracycline	tsiklomistsin	synonym	amr_r
tetracycline	tsiklomitsin	synonym	amr_r
tetracycline	veracin	synonym	amr_r
tetracycline	vetacyclinum	synonym	amr_r
thiamphenicol	armai	synonym	amr_r
thiamphenicol	dextrosulfenidol	synonym	amr_r
thiamphenicol	dextrosulphenidol	synonym	amr_r
thiamphenicol	igralin	synonym	amr_r
thiamphenicol	racefenicol	synonym	amr_r
thiamphenicol	racefenicolo	synonym	amr_r
thiamphenicol	racefenicolum	synonym	amr_r
thiamphenicol	raceophenidol	synonym	amr_r
thiamphenicol	thiamphenicolum	synonym	amr_r
thiamphenicol	thiaph	abbreviation	amr_r
thiamphenicol	thiocymetin	synonym	amr_r
thiamphenicol	thiophenicol	synonym	amr_r
thiamphenicol	tiamfenicol	synonym	amr_r
thiamphenicol	tiamfenicolo	synonym	amr_r
thiamphenicol	urfamycine	synonym	amr_r
thiostrepton	alaninamide	synonym	amr_r
thiostrepton	bryamycin	synonym	amr_r
thiostrepton	gargon	synonym	amr_r
thiostrepton	pharmakon	synonym	amr_r
thiostrepton	prestwick	synonym	amr_r
thiostrepton	sporangiomycin	synonym	amr_r
thiostrepton	thiactin	synonym	amr_r
thiostrepton	tiostrepton	synonym	amr_r
tiamulin	denagard	synonym	amr_r
tiamulin	thiamutilin	synonym	amr_r
tiamulin	tiamul	abbreviation	amr_r
tiamulin	tiamulina	synonym	amr_r
tiamulin	tiamuline	synonym	amr_r
tiamulin	tiamulinum	synonym	amr_r
ticarcillin	tc	abbreviation	amr_r
ticarcillin	ti	abbreviation	amr_r
ticarcillin	tic	abbreviation	amr_r
ticarcillin	tica	abbreviation	amr_r
ticarcillin	ticar	synonym	amr_r
ticarcillin	ticarc	abbreviation	amr_r
ticarcillin	ticarcilina	synonym	amr_r
ticarcillin	ticarcilline	synonym	amr_r
ticarcillin	ticarcillinum	synonym	amr_r
ticarcillin	timentin	synonym	amr_r
ticarcillin+clavulanic acid	Ticarcillin+Clavulanic acid	source_name	resfinder
tigecycline	tgc	abbreviation	amr_r
tigecycline	tig	abbreviation	amr_r
tigecycline	tige	abbreviation	amr_r
tigecycline	tigeciclina	synonym	amr_r
tigecycline	tigecy	abbreviation	amr_r
tigecycline	tigecyclin	synonym	amr_r
tigecycline	tigecyclinehydrate	synonym	amr_r
tigecycline	tigilcycline	synonym	amr_r
tigecycline	tygacil	synonym	amr_r
tobramycin	TOB	card_abbreviation	card
tobramycin	aktob	synonym	amr_r
tobramycin	bethkis	synonym	amr_r
tobramycin	distobram	synonym	amr_r
tobramycin	gotabiotic	synonym	amr_r
tobramycin	kitabis	synonym	amr_r
tobramycin	nebcin	synonym	amr_r
tobramycin	nebicin	synonym	amr_r
tobramycin	nebramycin	synonym	amr_r
tobramycin	nn	abbreviation	amr_r
tobramycin	tenebrimycin	synonym	amr_r
tobramycin	tenemycin	synonym	amr_r
tobramycin	tm	abbreviation	amr_r
tobramycin	to	abbreviation	amr_r
tobramycin	tob	abbreviation	amr_r
tobramycin	tobacin	synonym	amr_r
tobramycin	tobr	abbreviation	amr_r
tobramycin	tobracin	synonym	amr_r
tobramycin	tobradex	synonym	amr_r
tobramycin	tobradistin	synonym	amr_r
tobramycin	tobralex	synonym	amr_r
tobramycin	tobram	abbreviation	amr_r
tobramycin	tobramaxin	synonym	amr_r
tobramycin	tobramicin	synonym	amr_r
tobramycin	tobramicina	synonym	amr_r
tobramycin	tobramitsetin	synonym	amr_r
tobramycin	tobramycetin	synonym	amr_r
tobramycin	tobramycine	synonym	amr_r
tobramycin	tobramycinum	synonym	amr_r
tobramycin	tobrased	synonym	amr_r
tobramycin	tobrex	synonym	amr_r
triclosan	TRC	card_abbreviation	card
trimethoprim	TMP	card_abbreviation	card
trimethoprim	abaprim	synonym	amr_r
trimethoprim	anitrim	synonym	amr_r
trimethoprim	antrima	synonym	amr_r
trimethoprim	antrimox	synonym	amr_r
trimethoprim	bacdan	synonym	amr_r
trimethoprim	bacidal	synonym	amr_r
trimethoprim	bacide	synonym	amr_r
trimethoprim	bacin	synonym	amr_r
trimethoprim	bacterial	synonym	amr_r
trimethoprim	bacticel	synonym	amr_r
trimethoprim	bactifor	synonym	amr_r
trimethoprim	bactoprim	synonym	amr_r
trimethoprim	bactramin	synonym	amr_r
trimethoprim	bencole	synonym	amr_r
trimethoprim	bethaprim	synonym	amr_r
trimethoprim	biosulten	synonym	amr_r
trimethoprim	briscotrim	synonym	amr_r
trimethoprim	chemotrin	synonym	amr_r
trimethoprim	colizole	synonym	amr_r
trimethoprim	conprim	synonym	amr_r
trimethoprim	cotrimel	synonym	amr_r
trimethoprim	deprim	synonym	amr_r
trimethoprim	dosulfin	synonym	amr_r
trimethoprim	duocide	synonym	amr_r
trimethoprim	esbesul	synonym	amr_r
trimethoprim	espectrin	synonym	amr_r
trimethoprim	euctrim	synonym	amr_r
trimethoprim	exbesul	synonym	amr_r
trimethoprim	fermagex	synonym	amr_r
trimethoprim	fortrim	synonym	amr_r
trimethoprim	futin	synonym	amr_r
trimethoprim	ikaprim	synonym	amr_r
trimethoprim	infectotrimet	synonym	amr_r
trimethoprim	instalac	synonym	amr_r
trimethoprim	kombinax	synonym	amr_r
trimethoprim	lagatrim	synonym	amr_r
trimethoprim	lastrim	synonym	amr_r
trimethoprim	lescot	synonym	amr_r
trimethoprim	monoprim	synonym	amr_r
trimethoprim	monotrim	synonym	amr_r
trimethoprim	monotrimin	synonym	amr_r
trimethoprim	novotrimel	synonym	amr_r
trimethoprim	omstat	synonym	amr_r
trimethoprim	pancidim	synonym	amr_r
trimethoprim	proloprim	synonym	amr_r
trimethoprim	protrin	synonym	amr_r
trimethoprim	purbal	synonym	amr_r
trimethoprim	resprim	synonym	amr_r
trimethoprim	roubac	synonym	amr_r
trimethoprim	roubal	synonym	amr_r
trimethoprim	salvatrim	synonym	amr_r
trimethoprim	setprin	synonym	amr_r
trimethoprim	sinotrim	synonym	amr_r
trimethoprim	stopan	synonym	amr_r
trimethoprim	streptoplus	synonym	amr_r
trimethoprim	sugaprim	synonym	amr_r
trimethoprim	sulfamar	synonym	amr_r
trimethoprim	sulfoxaprim	synonym	amr_r
trimethoprim	sulthrim	synonym	amr_r
trimethoprim	sultrex	synonym	amr_r
trimethoprim	syraprim	synonym	amr_r
trimethoprim	t	abbreviation	amr_r
trimethoprim	tiempe	synonym	amr_r
trimethoprim	tmp	abbreviation	amr_r
trimethoprim	tr	abbreviation	amr_r
trimethoprim	tri	abbreviation	amr_r
trimethoprim	trim	abbreviation	amr_r
trimethoprim	trimethioprim	synonym	amr_r
trimethoprim	trimethoprime	synonym	amr_r
trimethoprim	trimethoprimum	synonym	amr_r
trimethoprim	trimethopriom	synonym	amr_r
trimethoprim	trimetoprim	synonym	amr_r
trimethoprim	trimetoprima	synonym	amr_r
trimethoprim	trimexol	synonym	amr_r
trimethoprim	trimezol	synonym	amr_r
trimethoprim	trimogal	synonym	amr_r
trimethoprim	trimono	synonym	amr_r
trimethoprim	trimopan	synonym	amr_r
trimethoprim	triprim	synonym	amr_r
trimethoprim	trisul	synonym	amr_r
trimethoprim	trisulcom	synonym	amr_r
trimethoprim	trisulfam	synonym	amr_r
trimethoprim	trisural	synonym	amr_r
trimethoprim	uretrim	synonym	amr_r
trimethoprim	urobactrim	synonym	amr_r
trimethoprim	utetrin	synonym	amr_r
trimethoprim	velaten	synonym	amr_r
trimethoprim	w	abbreviation	amr_r
trimethoprim	wellcoprim	synonym	amr_r
trimethoprim	wellcoprin	synonym	amr_r
trimethoprim	xeroprim	synonym	amr_r
trimethoprim	zamboprim	synonym	amr_r
tylosin	TYL	card_abbreviation	card
tylosin	fradizine	synonym	amr_r
tylosin	tilosina	synonym	amr_r
tylosin	tylan	synonym	amr_r
tylosin	tylo	abbreviation	amr_r
tylosin	tylocine	synonym	amr_r
tylosin	tylosine	synonym	amr_r
tylosin	tylosinum	synonym	amr_r
tylosin	vubityl	synonym	amr_r
vancomycin	VAN	card_abbreviation	card
vancomycin	va	abbreviation	amr_r
vancomycin	van	abbreviation	amr_r
vancomycin	vanc	abbreviation	amr_r
vancomycin	vancocin	synonym	amr_r
vancomycin	vancoled	synonym	amr_r
vancomycin	vancom	abbreviation	amr_r
vancomycin	vancomicina	synonym	amr_r
vancomycin	vancomycine	synonym	amr_r
vancomycin	vancomycinum	synonym	amr_r
viomycin	VIO	card_abbreviation	card
viomycin	florimycin	synonym	amr_r
viomycin	floromycin	synonym	amr_r
viomycin	vioactane	synonym	amr_r
viomycin	viocin	synonym	amr_r
viomycin	viomicin	synonym	amr_r
viomycin	viomicina	synonym	amr_r
viomycin	viomycine	synonym	amr_r
viomycin	viomycinum	synonym	amr_r
virginiamycin	Pristinamycin	source_name	amr_r
virginiamycin	eskalin	synonym	amr_r
virginiamycin	micamicina	synonym	amr_r
virginiamycin	mikamycin	synonym	amr_r
virginiamycin	mikamycine	synonym	amr_r
virginiamycin	mikamycinum	synonym	amr_r
virginiamycin	ostreogricina	synonym	amr_r
virginiamycin	ostreogrycine	synonym	amr_r
virginiamycin	ostreogrycinum	synonym	amr_r
virginiamycin	pris	abbreviation	amr_r
virginiamycin	pristi	abbreviation	amr_r
virginiamycin	pristinamicina	synonym	amr_r
virginiamycin	pristinamycine	synonym	amr_r
virginiamycin	pristinamycinum	synonym	amr_r
virginiamycin	pyostacine	synonym	amr_r
virginiamycin	stafac	synonym	amr_r
virginiamycin	stafytracine	synonym	amr_r
virginiamycin	stajac	synonym	amr_r
virginiamycin	staphylomycin	synonym	amr_r
virginiamycin	stapyocine	synonym	amr_r
virginiamycin	starfac	synonym	amr_r
virginiamycin	virgimycin	synonym	amr_r
virginiamycin	virgimycine	synonym	amr_r
virginiamycin	virginiamicina	synonym	amr_r
virginiamycin	virginiamycina	synonym	amr_r
virginiamycin	virginiamycinum	synonym	amr_r
xeruborbactam	benzo	synonym	amr_r
xeruborbactam	borate	synonym	amr_r
zoliflodacin	ZOL	card_abbreviation	card
zoliflodacin	nuzolvence	synonym	amr_r
zoliflodacin	spiro	synonym	amr_r
zoliflodacin	zol	abbreviation	amr_r
zoliflodacin	zoliflodacina	synonym	amr_r
zoliflodacin	zoliflodacine	synonym	amr_r
zorbamycin	bleomycetin	synonym	amr_r
zorbamycin	boanmycin	synonym	amr_r
zorbamycin	nbleomycinamide	synonym	amr_r
zorbamycin	pingyangmycin	synonym	amr_r
